sid,impd,date,spp,tl,w,sex,age,recap,structure
87832,SGCA,6/8/2021,Flathead Catfish,1200,23120,M,12,,Y
87822,SGCA,6/8/2021,Flathead Catfish,1148,22380,M,13,,Y
87821,SGCA,6/8/2021,Flathead Catfish,1131,20920,M,11,,Y
87813,SGCA,6/8/2021,Flathead Catfish,1063,18000,M,8,,Y
87832,SGCA,6/8/2021,Flathead Catfish,1058,23080,M,13,,Y
87815,SGCA,6/8/2021,Flathead Catfish,1056,22400,M,21,,Y
87832,SGCA,6/8/2021,Flathead Catfish,1022,17700,M,7,,Y
87832,SGCA,6/8/2021,Flathead Catfish,990,16510,F,14,,Y
87817,SGCA,6/8/2021,Flathead Catfish,981,15100,M,10,,Y
87811,SGCA,6/8/2021,Flathead Catfish,961,15300,M,9,,Y
87821,SGCA,6/8/2021,Flathead Catfish,957,14940,F,8,,Y
87832,SGCA,6/8/2021,Flathead Catfish,899,11350,M,10,,Y
87815,SGCA,6/8/2021,Flathead Catfish,872,10100,M,9,,Y
87621,MGSL,6/8/2021,Flathead Catfish,848,12000,M,8,,Y
87815,SGCA,6/8/2021,Flathead Catfish,833,9010,F,16,,Y
87821,SGCA,6/8/2021,Flathead Catfish,821,8250,F,7,,Y
87811,SGCA,6/8/2021,Flathead Catfish,814,7330,F,10,,Y
87622,MGSL,6/8/2021,Flathead Catfish,810,10000,M,10,,Y
87825,SGCA,6/8/2021,Flathead Catfish,807,7830,F,9,,Y
87832,SGCA,6/8/2021,Flathead Catfish,805,7060,F,10,,Y
87815,SGCA,6/8/2021,Flathead Catfish,795,6890,M,7,,Y
87821,SGCA,6/8/2021,Flathead Catfish,764,5780,F,5,,Y
87832,SGCA,6/8/2021,Flathead Catfish,757,6040,F,10,,Y
87832,SGCA,6/8/2021,Flathead Catfish,756,6610,M,7,,Y
87832,SGCA,6/8/2021,Flathead Catfish,751,6080,F,7,,Y
87815,SGCA,6/8/2021,Flathead Catfish,749,5340,F,4,,Y
87822,SGCA,6/8/2021,Flathead Catfish,738,4670,M,8,,Y
87815,SGCA,6/8/2021,Flathead Catfish,726,5432,F,6,,Y
87829,SGCA,6/8/2021,Flathead Catfish,712,4850,F,10,,Y
87829,SGCA,6/8/2021,Flathead Catfish,710,4420,M,5,,Y
87619,MGSL,6/8/2021,Flathead Catfish,708,4562,M,7,,Y
87832,SGCA,6/8/2021,Flathead Catfish,638,2840,M,5,,Y
87832,SGCA,6/8/2021,Flathead Catfish,556,1910,M,2,,Y
87620,MGSL,6/8/2021,Flathead Catfish,446,1002,F,2,,Y
88211,LVSL,6/9/2021,Flathead Catfish,980,14500,F,12,,Y
88207,LVSL,6/9/2021,Flathead Catfish,980,12500,F,13,,Y
88202,LVSL,6/9/2021,Flathead Catfish,870,9750,M,17,,Y
88209,LVSL,6/9/2021,Flathead Catfish,795,7250,F,12,,Y
88202,LVSL,6/9/2021,Flathead Catfish,783,7040,M,11,,Y
88206,LVSL,6/9/2021,Flathead Catfish,773,6377,M,10,,Y
88208,LVSL,6/9/2021,Flathead Catfish,742,5550,F,7,,Y
88207,LVSL,6/9/2021,Flathead Catfish,689,4262,M,6,,Y
88206,LVSL,6/9/2021,Flathead Catfish,635,3080,M,6,,Y
87628,NOSL,6/9/2021,Flathead Catfish,585,2453,M,5,,Y
88208,LVSL,6/9/2021,Flathead Catfish,573,2287,F,6,,Y
87632,NOSL,6/9/2021,Flathead Catfish,563,2165,M,5,,Y
88210,LVSL,6/9/2021,Flathead Catfish,563,2204,F,6,,Y
87628,NOSL,6/9/2021,Flathead Catfish,534,1921,M,5,,Y
88205,LVSL,6/9/2021,Flathead Catfish,513,1530,M,6,,Y
87632,NOSL,6/9/2021,Flathead Catfish,507,1552,F,3,,Y
87628,NOSL,6/9/2021,Flathead Catfish,502,1583,M,2,,Y
87628,NOSL,6/9/2021,Flathead Catfish,462,1223,M,2,,Y
87628,NOSL,6/9/2021,Flathead Catfish,460,1008,M,4,,Y
87628,NOSL,6/9/2021,Flathead Catfish,455,1061,M,3,,Y
87628,NOSL,6/9/2021,Flathead Catfish,452,1075,M,5,,Y
87628,NOSL,6/9/2021,Flathead Catfish,400,723,M,2,,Y
88209,LVSL,6/9/2021,Flathead Catfish,388,564,M,4,,Y
88210,LVSL,6/9/2021,Flathead Catfish,385,575,M,5,,Y
87628,NOSL,6/9/2021,Flathead Catfish,380,585,F,4,,Y
88205,LVSL,6/9/2021,Flathead Catfish,343,373,F,3,,Y
88207,LVSL,6/9/2021,Flathead Catfish,271,190,U,2,,Y
87654,CRSL,6/10/2021,Flathead Catfish,705,4580,F,9,,Y
87650,CRSL,6/10/2021,Flathead Catfish,672,4148,M,12,,Y
87653,CRSL,6/10/2021,Flathead Catfish,660,4115,F,6,,Y
87647,CRSL,6/10/2021,Flathead Catfish,653,4008,F,10,,Y
87648,CRSL,6/10/2021,Flathead Catfish,529,1754,F,7,,Y
87646,CRSL,6/10/2021,Flathead Catfish,396,595,F,4,,Y
87646,CRSL,6/10/2021,Flathead Catfish,389,535,F,8,,Y
87646,CRSL,6/10/2021,Flathead Catfish,388,612,F,4,,Y
87655,CRSL,6/10/2021,Flathead Catfish,308,260,F,7,,Y
87654,CRSL,6/10/2021,Flathead Catfish,286,236,M,3,,Y
87649,CRSL,6/10/2021,Flathead Catfish,272,189,F,4,,Y
87649,CRSL,6/10/2021,Flathead Catfish,260,152,M,4,,Y
87648,CRSL,6/10/2021,Flathead Catfish,241,143,F,4,,Y
87647,CRSL,6/10/2021,Flathead Catfish,240,132,F,5,,Y
87647,CRSL,6/10/2021,Flathead Catfish,228,115,M,4,,Y
87648,CRSL,6/10/2021,Flathead Catfish,213,101,F,5,,Y
87649,CRSL,6/10/2021,Flathead Catfish,212,85,M,3,,Y
87646,CRSL,6/10/2021,Flathead Catfish,202,80,U,3,,Y
87654,CRSL,6/10/2021,Flathead Catfish,196,79,M,3,,Y
87652,CRSL,6/10/2021,Flathead Catfish,156,39,M,1,,Y
87666,WLSL,6/11/2021,Flathead Catfish,1142,26000,M,10,,Y
87663,WLSL,6/11/2021,Flathead Catfish,930,14000,M,14,,Y
87972,MCLA,6/11/2021,Flathead Catfish,896,11000,M,10,,Y
87662,WLSL,6/11/2021,Flathead Catfish,844,11000,M,11,,Y
87662,WLSL,6/11/2021,Flathead Catfish,818,10000,F,12,,Y
87969,MCLA,6/11/2021,Flathead Catfish,816,8000,M,9,,Y
87665,WLSL,6/11/2021,Flathead Catfish,792,7835,M,11,,Y
87669,WLSL,6/11/2021,Flathead Catfish,724,5456,M,11,,Y
87971,MCLA,6/11/2021,Flathead Catfish,712,5000,M,12,,Y
87972,MCLA,6/11/2021,Flathead Catfish,680,4565,F,13,,Y
87669,WLSL,6/11/2021,Flathead Catfish,664,4026,M,8,,Y
87662,WLSL,6/11/2021,Flathead Catfish,663,5000,F,8,,Y
87669,WLSL,6/11/2021,Flathead Catfish,645,3563,M,7,,Y
87672,WLSL,6/11/2021,Flathead Catfish,555,2078,M,9,,Y
87971,MCLA,6/11/2021,Flathead Catfish,539,1990,M,10,,Y
87670,WLSL,6/11/2021,Flathead Catfish,538,1783,M,6,,Y
87668,WLSL,6/11/2021,Flathead Catfish,506,1441,M,6,,Y
87974,MCLA,6/11/2021,Flathead Catfish,468,1205,M,3,,Y
87670,WLSL,6/11/2021,Flathead Catfish,466,1138,M,6,,Y
87672,WLSL,6/11/2021,Flathead Catfish,437,953,F,4,,Y
87668,WLSL,6/11/2021,Flathead Catfish,428,848,M,5,,Y
87975,MCLA,6/11/2021,Flathead Catfish,428,842,M,10,,Y
87971,MCLA,6/11/2021,Flathead Catfish,421,896,M,10,,Y
87667,WLSL,6/11/2021,Flathead Catfish,398,646,F,4,,Y
87667,WLSL,6/11/2021,Flathead Catfish,388,582,F,4,,Y
87667,WLSL,6/11/2021,Flathead Catfish,346,419,F,2,,Y
87668,WLSL,6/11/2021,Flathead Catfish,308,267,F,5,,Y
87670,WLSL,6/11/2021,Flathead Catfish,306,308,F,5,,Y
87667,WLSL,6/11/2021,Flathead Catfish,284,218,F,5,,Y
87971,MCLA,6/11/2021,Flathead Catfish,281,190,U,7,,Y
87669,WLSL,6/11/2021,Flathead Catfish,255,168,F,3,,Y
87970,MCLA,6/11/2021,Flathead Catfish,218,103,U,2,,Y
87971,MCLA,6/11/2021,Flathead Catfish,217,98,M,3,,Y
87669,WLSL,6/11/2021,Flathead Catfish,203,106,U,3,,Y
87671,WLSL,6/11/2021,Flathead Catfish,202,98,F,2,,Y
87669,WLSL,6/11/2021,Flathead Catfish,190,77,M,2,,Y
87665,WLSL,6/11/2021,Flathead Catfish,184,67,M,6,,Y
87857,SGCA,6/14/2021,Flathead Catfish,1080,21000,M,8,,Y
87861,SGCA,6/14/2021,Flathead Catfish,1067,25000,M,10,,Y
87861,SGCA,6/14/2021,Flathead Catfish,1041,21500,M,11,,Y
87861,SGCA,6/14/2021,Flathead Catfish,940,13500,F,8,,Y
87684,NOSL,6/14/2021,Flathead Catfish,912,10000,U,12,,Y
87856,SGCA,6/14/2021,Flathead Catfish,912,12000,F,8,,Y
87861,SGCA,6/14/2021,Flathead Catfish,780,7100,F,5,,Y
87867,SGCA,6/14/2021,Flathead Catfish,745,4750,F,7,,Y
87865,SGCA,6/14/2021,Flathead Catfish,692,5000,F,8,,Y
87684,NOSL,6/14/2021,Flathead Catfish,496,1362,M,3,,Y
87684,NOSL,6/14/2021,Flathead Catfish,490,1376,M,6,,Y
87684,NOSL,6/14/2021,Flathead Catfish,433,880,M,7,,Y
87684,NOSL,6/14/2021,Flathead Catfish,424,833,F,6,,Y
87684,NOSL,6/14/2021,Flathead Catfish,404,699,F,5,,Y
87687,NOSL,6/14/2021,Flathead Catfish,403,738,F,4,,Y
87683,NOSL,6/14/2021,Flathead Catfish,382,608,M,4,,Y
87687,NOSL,6/14/2021,Flathead Catfish,283,229,F,5,,Y
87743,GESL,6/15/2021,Flathead Catfish,1050,13290,M,12,,Y
87707,CRSL,6/15/2021,Flathead Catfish,818,7683,F,13,,Y
87705,CRSL,6/15/2021,Flathead Catfish,804,6098,F,13,,Y
87701,CRSL,6/15/2021,Flathead Catfish,582,2203,F,7,,Y
87712,CRSL,6/15/2021,Flathead Catfish,572,1847,F,11,,Y
87748,GESL,6/15/2021,Flathead Catfish,545,1924,F,5,,Y
87748,GESL,6/15/2021,Flathead Catfish,514,1392,F,7,,Y
87712,CRSL,6/15/2021,Flathead Catfish,474,1216,M,3,,Y
87745,GESL,6/15/2021,Flathead Catfish,462,1007,F,6,,Y
87746,GESL,6/15/2021,Flathead Catfish,450,863,F,10,,Y
87748,GESL,6/15/2021,Flathead Catfish,429,762,F,8,,Y
87748,GESL,6/15/2021,Flathead Catfish,414,670,M,6,,Y
87748,GESL,6/15/2021,Flathead Catfish,390,630,M,7,,Y
87747,GESL,6/15/2021,Flathead Catfish,371,494,F,5,,Y
87751,GESL,6/15/2021,Flathead Catfish,360,413,M,6,,Y
87745,GESL,6/15/2021,Flathead Catfish,339,335,M,4,,Y
87750,GESL,6/15/2021,Flathead Catfish,318,300,M,5,,Y
87748,GESL,6/15/2021,Flathead Catfish,304,285,F,6,,Y
87712,CRSL,6/15/2021,Flathead Catfish,289,259,M,5,,Y
87747,GESL,6/15/2021,Flathead Catfish,281,227,F,5,,Y
87707,CRSL,6/15/2021,Flathead Catfish,278,182,F,3,,Y
87711,CRSL,6/15/2021,Flathead Catfish,274,188,F,3,,Y
87749,GESL,6/15/2021,Flathead Catfish,260,165,U,3,,Y
87700,CRSL,6/15/2021,Flathead Catfish,257,157,M,5,,Y
87750,GESL,6/15/2021,Flathead Catfish,251,136,M,3,,Y
87712,CRSL,6/15/2021,Flathead Catfish,248,164,M,4,,Y
87751,GESL,6/15/2021,Flathead Catfish,244,131,U,3,,Y
87751,GESL,6/15/2021,Flathead Catfish,239,127,U,4,,Y
87700,CRSL,6/15/2021,Flathead Catfish,238,118,M,4,,Y
87701,CRSL,6/15/2021,Flathead Catfish,232,127,F,3,,Y
87706,CRSL,6/15/2021,Flathead Catfish,212,114,F,3,,Y
87748,GESL,6/15/2021,Flathead Catfish,208,,F,3,,Y
87885,WLSL,6/17/2021,Flathead Catfish,1023,19000,M,11,,Y
87892,WLSL,6/17/2021,Flathead Catfish,862,,F,11,,Y
87891,WLSL,6/17/2021,Flathead Catfish,830,7859,M,10,,Y
87883,WLSL,6/17/2021,Flathead Catfish,828,8000,F,11,,Y
87892,WLSL,6/17/2021,Flathead Catfish,704,4918,F,9,,Y
88213,LVSL,6/17/2021,Flathead Catfish,704,4636,M,5,,Y
87888,WLSL,6/17/2021,Flathead Catfish,698,4828,M,11,,Y
87889,WLSL,6/17/2021,Flathead Catfish,682,4482,F,10,,Y
88224,LVSL,6/17/2021,Flathead Catfish,650,3355,M,4,,Y
88218,LVSL,6/17/2021,Flathead Catfish,576,2135,F,3,,Y
88222,LVSL,6/17/2021,Flathead Catfish,560,1960,M,5,,Y
88213,LVSL,6/17/2021,Flathead Catfish,552,1967,M,5,,Y
87890,WLSL,6/17/2021,Flathead Catfish,502,1346,F,6,,Y
87884,WLSL,6/17/2021,Flathead Catfish,470,1135,F,5,,Y
87883,WLSL,6/17/2021,Flathead Catfish,458,1076,F,4,,Y
87888,WLSL,6/17/2021,Flathead Catfish,442,883,M,5,,Y
88216,LVSL,6/17/2021,Flathead Catfish,435,845,F,6,,Y
87884,WLSL,6/17/2021,Flathead Catfish,428,903,F,4,,Y
87892,WLSL,6/17/2021,Flathead Catfish,425,851,F,4,,Y
87891,WLSL,6/17/2021,Flathead Catfish,422,805,F,4,,Y
87883,WLSL,6/17/2021,Flathead Catfish,417,715,M,6,,Y
87888,WLSL,6/17/2021,Flathead Catfish,407,826,M,6,,Y
87882,WLSL,6/17/2021,Flathead Catfish,404,732,F,6,,Y
88216,LVSL,6/17/2021,Flathead Catfish,382,506,M,4,,Y
88222,LVSL,6/17/2021,Flathead Catfish,349,436,M,3,,Y
87888,WLSL,6/17/2021,Flathead Catfish,318,372,M,5,,Y
87892,WLSL,6/17/2021,Flathead Catfish,314,323,M,4,,Y
87892,WLSL,6/17/2021,Flathead Catfish,310,292,M,4,,Y
87883,WLSL,6/17/2021,Flathead Catfish,301,281,F,5,,Y
87892,WLSL,6/17/2021,Flathead Catfish,285,236,F,5,,Y
87884,WLSL,6/17/2021,Flathead Catfish,278,216,F,3,,Y
87888,WLSL,6/17/2021,Flathead Catfish,240,150,F,5,,Y
87892,WLSL,6/17/2021,Flathead Catfish,237,124,M,3,,Y
87892,WLSL,6/17/2021,Flathead Catfish,194,62,M,2,,Y
88212,LVSL,6/17/2021,Flathead Catfish,190,64,U,1,,Y
87892,WLSL,6/17/2021,Flathead Catfish,164,27,U,2,,Y
88163,SGCA,6/22/2021,Flathead Catfish,1080,22500,M,10,,Y
88166,SGCA,6/22/2021,Flathead Catfish,1016,22000,M,9,,Y
88163,SGCA,6/22/2021,Flathead Catfish,1010,20000,F,11,,Y
88163,SGCA,6/22/2021,Flathead Catfish,972,18500,M,8,,Y
88163,SGCA,6/22/2021,Flathead Catfish,965,14500,F,11,,Y
88159,SGCA,6/22/2021,Flathead Catfish,927,10500,M,7,,Y
88155,SGCA,6/22/2021,Flathead Catfish,927,14750,F,14,,Y
88156,SGCA,6/22/2021,Flathead Catfish,915,12000,M,10,,Y
88166,SGCA,6/22/2021,Flathead Catfish,832,10000,M,8,,Y
87951,MGSL,6/22/2021,Flathead Catfish,794,7145,M,9,,Y
88168,SGCA,6/22/2021,Flathead Catfish,781,6000,F,9,,Y
88163,SGCA,6/22/2021,Flathead Catfish,768,7500,F,9,,Y
88156,SGCA,6/22/2021,Flathead Catfish,737,5700,F,9,,Y
88155,SGCA,6/22/2021,Flathead Catfish,737,5500,F,6,,Y
87951,MGSL,6/22/2021,Flathead Catfish,728,5072,M,4,,Y
88155,SGCA,6/22/2021,Flathead Catfish,711,5000,M,6,,Y
88168,SGCA,6/22/2021,Flathead Catfish,667,3000,F,5,,Y
87985,MCLA,6/22/2021,Flathead Catfish,524,1732,F,6,,Y
87965,NOSL,6/22/2021,Flathead Catfish,482,1268,M,4,,Y
87962,NOSL,6/22/2021,Flathead Catfish,482,1243,F,5,,Y
87980,MCLA,6/22/2021,Flathead Catfish,469,1088,F,7,,Y
87980,MCLA,6/22/2021,Flathead Catfish,430,777,F,7,,Y
87960,NOSL,6/22/2021,Flathead Catfish,481,1286,F,3,,Y
87962,NOSL,6/22/2021,Flathead Catfish,354,418,M,2,,Y
87982,MCLA,6/22/2021,Flathead Catfish,297,223,M,4,,Y
87980,MCLA,6/22/2021,Flathead Catfish,174,53,U,2,,Y
88200,LVSL,6/23/2021,Flathead Catfish,805,7500,F,11,,Y
88199,LVSL,6/23/2021,Flathead Catfish,613,2399,M,6,,Y
87944,GESL,6/23/2021,Flathead Catfish,540,2043,M,9,,Y
87950,GESL,6/23/2021,Flathead Catfish,534,1691,M,11,,Y
87944,GESL,6/23/2021,Flathead Catfish,524,1642,M,9,,Y
88193,LVSL,6/23/2021,Flathead Catfish,520,1610,F,5,,Y
87950,GESL,6/23/2021,Flathead Catfish,496,1380,F,6,,Y
88197,LVSL,6/23/2021,Flathead Catfish,487,1080,F,5,,Y
87950,GESL,6/23/2021,Flathead Catfish,459,1027,M,5,,Y
87948,GESL,6/23/2021,Flathead Catfish,421,739,M,6,,Y
87948,GESL,6/23/2021,Flathead Catfish,386,563,M,4,,Y
87946,GESL,6/23/2021,Flathead Catfish,318,312,U,4,,Y
87950,GESL,6/23/2021,Flathead Catfish,307,318,M,5,,Y
88195,LVSL,6/23/2021,Flathead Catfish,299,244,M,3,,Y
87947,GESL,6/23/2021,Flathead Catfish,296,236,M,5,,Y
87946,GESL,6/23/2021,Flathead Catfish,267,171,U,3,,Y
87945,GESL,6/23/2021,Flathead Catfish,245,180,U,4,,Y
88199,LVSL,6/23/2021,Flathead Catfish,206,66,U,1,,Y
88064,CRSL,6/29/2021,Flathead Catfish,362,589,F,12,,Y
88055,CRSL,6/29/2021,Flathead Catfish,454,982,M,6,,Y
88055,CRSL,6/29/2021,Flathead Catfish,330,377,F,4,,Y
88055,CRSL,6/29/2021,Flathead Catfish,288,246,M,6,,Y
88061,CRSL,6/29/2021,Flathead Catfish,268,202,F,2,,Y
88064,CRSL,6/29/2021,Flathead Catfish,240,127,F,3,,Y
88059,CRSL,6/29/2021,Flathead Catfish,208,81,U,2,,Y
88057,CRSL,6/29/2021,Flathead Catfish,206,80,U,4,,Y
88057,CRSL,6/29/2021,Flathead Catfish,193,67,U,3,,Y
88059,CRSL,6/29/2021,Flathead Catfish,183,55,U,2,,Y
88038,GESL,6/30/2021,Flathead Catfish,862,7212,M,8,,Y
88037,GESL,6/30/2021,Flathead Catfish,755,5125,M,15,,Y
88038,GESL,6/30/2021,Flathead Catfish,749,6078,M,13,,Y
88037,GESL,6/30/2021,Flathead Catfish,492,1132,F,7,,Y
88043,GESL,6/30/2021,Flathead Catfish,356,416,F,4,,Y
88043,GESL,6/30/2021,Flathead Catfish,247,110,M,5,,Y
88436,MCLA,7/1/2021,Flathead Catfish,814,7500,F,11,,Y
88100,WLSL,7/2/2021,Flathead Catfish,845,10086,F,14,,Y
88098,WLSL,7/2/2021,Flathead Catfish,752,5942,F,10,,Y
88095,WLSL,7/2/2021,Flathead Catfish,723,4596,F,12,,Y
88101,WLSL,7/2/2021,Flathead Catfish,650,3298,F,6,,Y
88094,WLSL,7/2/2021,Flathead Catfish,560,2412,M,12,,Y
88101,WLSL,7/2/2021,Flathead Catfish,552,1818,M,13,,Y
88092,WLSL,7/2/2021,Flathead Catfish,534,1515,M,5,,Y
88093,WLSL,7/2/2021,Flathead Catfish,524,1725,M,9,,Y
88102,WLSL,7/2/2021,Flathead Catfish,523,1658,F,6,,Y
88102,WLSL,7/2/2021,Flathead Catfish,508,1468,F,8,,Y
88092,WLSL,7/2/2021,Flathead Catfish,440,974,M,5,,Y
88093,WLSL,7/2/2021,Flathead Catfish,422,882,F,5,,Y
88093,WLSL,7/2/2021,Flathead Catfish,333,344,M,3,,Y
88101,WLSL,7/2/2021,Flathead Catfish,316,290,M,3,,Y
88098,WLSL,7/2/2021,Flathead Catfish,308,310,M,7,,Y
88092,WLSL,7/2/2021,Flathead Catfish,267,188,U,4,,Y
88185,SGCA,7/6/2021,Flathead Catfish,1160,18000,M,9,,Y
88177,SGCA,7/6/2021,Flathead Catfish,1152,22450,F,20,,Y
88182,SGCA,7/6/2021,Flathead Catfish,1148,19300,M,12,,Y
88185,SGCA,7/6/2021,Flathead Catfish,1114,20600,F,16,,Y
88189,SGCA,7/6/2021,Flathead Catfish,1097,18200,M,8,,Y
88185,SGCA,7/6/2021,Flathead Catfish,1040,17100,F,12,,Y
88185,SGCA,7/6/2021,Flathead Catfish,980,16900,M,10,,Y
88185,SGCA,7/6/2021,Flathead Catfish,962,15700,M,7,,Y
88185,SGCA,7/6/2021,Flathead Catfish,935,13200,F,11,,Y
88185,SGCA,7/6/2021,Flathead Catfish,935,15400,F,10,,Y
88181,SGCA,7/6/2021,Flathead Catfish,913,12310,F,6,,Y
88185,SGCA,7/6/2021,Flathead Catfish,825,9752,M,13,,Y
88188,SGCA,7/6/2021,Flathead Catfish,620,2290,F,3,,Y
88128,GESL,7/7/2021,Flathead Catfish,574,1890,M,12,,Y
88187,SGCA,7/6/2021,Flathead Catfish,493,1080,M,3,,Y
88103,NOSL,7/6/2021,Flathead Catfish,490,1198,M,6,,Y
88103,NOSL,7/6/2021,Flathead Catfish,398,638,M,5,,Y
88103,NOSL,7/6/2021,Flathead Catfish,387,548,F,7,,Y
88103,NOSL,7/6/2021,Flathead Catfish,380,563,M,3,,Y
88103,NOSL,7/6/2021,Flathead Catfish,377,557,F,5,,Y
88103,NOSL,7/6/2021,Flathead Catfish,340,396,F,5,,Y
88103,NOSL,7/6/2021,Flathead Catfish,233,126,F,2,,Y
88135,CRSL,7/7/2021,Flathead Catfish,628,2428,F,5,,Y
88135,CRSL,7/7/2021,Flathead Catfish,597,2624,F,11,,Y
88130,CRSL,7/7/2021,Flathead Catfish,586,2079,M,4,,Y
88133,CRSL,7/7/2021,Flathead Catfish,539,1658,M,7,,Y
88130,CRSL,7/7/2021,Flathead Catfish,453,976,M,5,,Y
88133,CRSL,7/7/2021,Flathead Catfish,338,385,F,4,,Y
88134,CRSL,7/7/2021,Flathead Catfish,326,356,M,3,,Y
88130,CRSL,7/7/2021,Flathead Catfish,274,196,M,3,,Y
88132,CRSL,7/7/2021,Flathead Catfish,242,114,U,6,,Y
88134,CRSL,7/7/2021,Flathead Catfish,233,,U,4,,Y
88130,CRSL,7/7/2021,Flathead Catfish,227,126,U,5,,Y
88130,CRSL,7/7/2021,Flathead Catfish,168,,U,2,,Y
88141,WLSL,7/8/2021,Flathead Catfish,724,4577,F,7,,Y
88146,WLSL,7/8/2021,Flathead Catfish,808,7008,M,19,,Y
88139,WLSL,7/8/2021,Flathead Catfish,604,2809,M,10,,Y
88139,WLSL,7/8/2021,Flathead Catfish,504,1229,M,6,,Y
88140,WLSL,7/8/2021,Flathead Catfish,454,967,M,5,,Y
88140,WLSL,7/8/2021,Flathead Catfish,427,698,M,10,,Y
88146,WLSL,7/8/2021,Flathead Catfish,372,474,F,7,,Y
88139,WLSL,7/8/2021,Flathead Catfish,350,458,F,3,,Y
88147,WLSL,7/8/2021,Flathead Catfish,288,242,F,3,,Y
88140,WLSL,7/8/2021,Flathead Catfish,258,148,M,3,,Y
88140,WLSL,7/8/2021,Flathead Catfish,234,124,M,2,,Y
88273,SGCA,7/12/2021,Flathead Catfish,942,16600,M,10,,Y
88269,SGCA,7/12/2021,Flathead Catfish,935,11100,M,8,,Y
88275,SGCA,7/12/2021,Flathead Catfish,931,12800,F,9,,Y
88273,SGCA,7/12/2021,Flathead Catfish,901,14500,F,10,,Y
88269,SGCA,7/12/2021,Flathead Catfish,852,8200,M,8,,Y
88269,SGCA,7/12/2021,Flathead Catfish,836,11300,F,10,,Y
88270,SGCA,7/12/2021,Flathead Catfish,707,4500,M,5,,Y
88270,SGCA,7/12/2021,Flathead Catfish,672,3800,M,5,,Y
88278,SGCA,7/12/2021,Flathead Catfish,644,3198,F,6,,Y
88305,NOSL,7/12/2021,Flathead Catfish,458,1013,F,5,,Y
88305,NOSL,7/12/2021,Flathead Catfish,423,815,F,4,,Y
88367,CRSL,7/13/2021,Flathead Catfish,560,2228,M,10,,Y
88363,CRSL,7/13/2021,Flathead Catfish,479,1116,F,10,,Y
88376,CRSL,7/13/2021,Flathead Catfish,364,466,M,4,,Y
88365,CRSL,7/13/2021,Flathead Catfish,307,286,M,4,,Y
88365,CRSL,7/13/2021,Flathead Catfish,253,123,U,4,,Y
88365,CRSL,7/13/2021,Flathead Catfish,167,42,U,2,,Y
88836,LVSL,7/16/2021,Flathead Catfish,897,12000,M,13,,Y
88845,LVSL,7/16/2021,Flathead Catfish,650,2780,M,5,,Y
88841,LVSL,7/16/2021,Flathead Catfish,568,1985,M,5,,Y
88845,LVSL,7/16/2021,Flathead Catfish,501,1230,F,5,,Y
88838,LVSL,7/16/2021,Flathead Catfish,465,985,M,6,1,N
88842,LVSL,7/16/2021,Flathead Catfish,413,643,M,3,,Y
88840,LVSL,7/16/2021,Flathead Catfish,328,308,M,3,,Y
88845,LVSL,7/16/2021,Flathead Catfish,232,105,U,1,,Y
88456,WLSL,7/19/2021,Flathead Catfish,676,3728,F,9,,Y
88455,WLSL,7/19/2021,Flathead Catfish,588,2274,F,5,,Y
88454,WLSL,7/19/2021,Flathead Catfish,348,428,M,2,,Y
88457,WLSL,7/19/2021,Flathead Catfish,314,318,F,3,,Y
88457,WLSL,7/19/2021,Flathead Catfish,307,288,M,5,,Y
88457,WLSL,7/19/2021,Flathead Catfish,306,298,F,3,,Y
88455,WLSL,7/19/2021,Flathead Catfish,297,248,F,5,,Y
88456,WLSL,7/19/2021,Flathead Catfish,250,137,U,2,,Y
88455,WLSL,7/19/2021,Flathead Catfish,250,136,U,5,,Y
88721,SGCA,7/20/2021,Flathead Catfish,1005,17300,M,7,,Y
88721,SGCA,7/20/2021,Flathead Catfish,956,15600,M,7,,Y
89088,MCLA,7/20/2021,Flathead Catfish,858,8500,M,15,,Y
88721,SGCA,7/20/2021,Flathead Catfish,854,10100,F,12,,Y
88717,SGCA,7/20/2021,Flathead Catfish,844,8600,M,6,,Y
89080,MCLA,7/20/2021,Flathead Catfish,672,3445,F,8,,Y
88725,SGCA,7/20/2021,Flathead Catfish,546,1703,F,2,,Y
88473,NOSL,7/20/2021,Flathead Catfish,512,1856,F,5,,Y
88473,NOSL,7/20/2021,Flathead Catfish,507,1460,M,3,,Y
88472,NOSL,7/20/2021,Flathead Catfish,488,1308,M,5,,Y
89080,MCLA,7/20/2021,Flathead Catfish,441,827,M,5,,Y
89081,MCLA,7/20/2021,Flathead Catfish,293,197,F,6,,Y
88482,CRSL,7/21/2021,Flathead Catfish,598,2278,F,11,,Y
88483,CRSL,7/21/2021,Flathead Catfish,568,1940,M,10,,Y
88481,CRSL,7/21/2021,Flathead Catfish,568,1993,M,10,,Y
88485,CRSL,7/21/2021,Flathead Catfish,558,1737,M,6,,Y
88483,CRSL,7/21/2021,Flathead Catfish,384,692,F,5,,Y
88481,CRSL,7/21/2021,Flathead Catfish,243,130,F,4,,Y
88481,CRSL,7/21/2021,Flathead Catfish,208,89,U,2,,Y
88483,CRSL,7/21/2021,Flathead Catfish,207,82,U,2,,Y
88497,GESL,7/22/2021,Flathead Catfish,607,2403,F,7,,Y
88499,GESL,7/22/2021,Flathead Catfish,405,652,M,5,,Y
88495,GESL,7/22/2021,Flathead Catfish,396,620,M,4,,Y
88500,GESL,7/22/2021,Flathead Catfish,378,577,F,5,,Y
88500,GESL,7/22/2021,Flathead Catfish,326,319,M,4,,Y
88500,GESL,7/22/2021,Flathead Catfish,310,280,M,6,,Y
88499,GESL,7/22/2021,Flathead Catfish,295,250,M,4,,Y
88855,LVSL,7/23/2021,Flathead Catfish,775,6250,M,11,,Y
88846,LVSL,7/23/2021,Flathead Catfish,401,518,F,3,,Y
88849,LVSL,7/23/2021,Flathead Catfish,374,440,F,3,,Y
88531,WLSL,7/27/2021,Flathead Catfish,925,12700,F,16,,Y
88530,WLSL,7/27/2021,Flathead Catfish,773,7190,F,9,,Y
88524,WLSL,7/27/2021,Flathead Catfish,700,4112,F,12,,Y
88526,WLSL,7/27/2021,Flathead Catfish,474,1130,M,3,,Y
89092,MCLA,7/27/2021,Flathead Catfish,401,555,M,8,,Y
89091,MCLA,7/27/2021,Flathead Catfish,390,545,F,9,,Y
88529,WLSL,7/27/2021,Flathead Catfish,338,372,F,3,,Y
88524,WLSL,7/27/2021,Flathead Catfish,298,257,M,4,,Y
88530,WLSL,7/27/2021,Flathead Catfish,290,273,M,3,,Y
89091,MCLA,7/27/2021,Flathead Catfish,275,206,M,6,,Y
89091,MCLA,7/27/2021,Flathead Catfish,265,160,F,5,,Y
88530,WLSL,7/27/2021,Flathead Catfish,242,158,F,3,,Y
88525,WLSL,7/27/2021,Flathead Catfish,193,71,U,1,,Y
88598,GESL,7/28/2021,Flathead Catfish,743,4970,M,6,,Y
88601,GESL,7/28/2021,Flathead Catfish,685,4009,M,12,,Y
88601,GESL,7/28/2021,Flathead Catfish,515,1212,M,10,,Y
88603,GESL,7/28/2021,Flathead Catfish,417,750,M,5,,Y
88603,GESL,7/28/2021,Flathead Catfish,360,460,F,4,,Y
88600,GESL,7/28/2021,Flathead Catfish,302,241,M,3,,Y
88603,GESL,7/28/2021,Flathead Catfish,285,238,M,4,,Y
88603,GESL,7/28/2021,Flathead Catfish,245,133,M,3,,Y
88865,LVSL,7/30/2021,Flathead Catfish,923,10500,M,12,,Y
88859,LVSL,7/30/2021,Flathead Catfish,522,1348,F,9,,Y
88858,LVSL,7/30/2021,Flathead Catfish,510,1280,F,6,,Y
88857,LVSL,7/30/2021,Flathead Catfish,420,615,M,3,,Y
88859,LVSL,7/30/2021,Flathead Catfish,356,400,M,4,,Y
88859,LVSL,7/30/2021,Flathead Catfish,339,357,F,4,,Y
88864,LVSL,7/30/2021,Flathead Catfish,273,169,U,1,,Y
88856,LVSL,7/30/2021,Flathead Catfish,257,155,F,1,,Y
88859,LVSL,7/30/2021,Flathead Catfish,257,145,U,3,,Y
88858,LVSL,7/30/2021,Flathead Catfish,233,105,U,1,,Y
88683,NOSL,8/2/2021,Flathead Catfish,714,4718,M,9,,Y
88675,MGSL,8/2/2021,Flathead Catfish,142,28,U,1,,Y
88692,CRSL,8/3/2021,Flathead Catfish,730,4213,F,9,,Y
88692,CRSL,8/3/2021,Flathead Catfish,684,3403,M,11,,Y
88691,CRSL,8/3/2021,Flathead Catfish,543,1608,M,4,,Y
88691,CRSL,8/3/2021,Flathead Catfish,509,1593,M,7,,Y
88695,CRSL,8/3/2021,Flathead Catfish,374,481,F,3,,Y
88691,CRSL,8/3/2021,Flathead Catfish,364,472,F,6,,Y
88694,CRSL,8/3/2021,Flathead Catfish,320,306,M,3,,Y
88696,CRSL,8/3/2021,Flathead Catfish,318,318,F,3,,Y
88691,CRSL,8/3/2021,Flathead Catfish,255,173,F,3,,Y
88691,CRSL,8/3/2021,Flathead Catfish,218,100,U,2,,Y
88696,CRSL,8/3/2021,Flathead Catfish,198,75,U,2,,Y
88696,CRSL,8/3/2021,Flathead Catfish,142,26,U,2,,Y
88705,WLSL,8/4/2021,Flathead Catfish,893,10489,M,6,,Y
88709,WLSL,8/4/2021,Flathead Catfish,823,8052,F,11,,Y
88707,WLSL,8/4/2021,Flathead Catfish,745,6242,F,6,,Y
88729,SGCA,8/4/2021,Flathead Catfish,739,4600,M,10,,Y
88709,WLSL,8/4/2021,Flathead Catfish,607,2694,M,8,,Y
88731,SGCA,8/4/2021,Flathead Catfish,600,2140,M,4,,Y
88709,WLSL,8/4/2021,Flathead Catfish,535,1652,F,11,,Y
88709,WLSL,8/4/2021,Flathead Catfish,474,1168,M,4,,Y
88703,WLSL,8/4/2021,Flathead Catfish,358,482,F,3,,Y
88703,WLSL,8/4/2021,Flathead Catfish,343,404,F,3,,Y
88709,WLSL,8/4/2021,Flathead Catfish,323,332,M,4,,Y
88708,WLSL,8/4/2021,Flathead Catfish,206,86,U,3,,Y
88771,GESL,8/9/2021,Flathead Catfish,540,1477,F,7,,Y
88777,GESL,8/9/2021,Flathead Catfish,490,1253,M,5,,Y
88770,GESL,8/9/2021,Flathead Catfish,447,930,M,4,,Y
88768,GESL,8/9/2021,Flathead Catfish,365,513,M,2,,Y
89105,MCLA,8/10/2021,Flathead Catfish,1125,18000,M,13,,Y
88821,MGSL,8/12/2021,Flathead Catfish,1043,16782,M,14,,Y
88813,SGCA,8/12/2021,Flathead Catfish,965,14300,M,10,,Y
88813,SGCA,8/12/2021,Flathead Catfish,890,12500,M,7,,Y
88820,MGSL,8/12/2021,Flathead Catfish,795,6548,M,4,,Y
88813,SGCA,8/12/2021,Flathead Catfish,726,5173,F,4,,Y
88817,SGCA,8/12/2021,Flathead Catfish,670,3252,F,4,,Y
88822,MGSL,8/12/2021,Flathead Catfish,628,3176,M,3,,Y
88823,MGSL,8/12/2021,Flathead Catfish,312,308,F,1,,Y
88869,WLSL,8/13/2021,Flathead Catfish,957,13607,M,11,,Y
88870,WLSL,8/13/2021,Flathead Catfish,920,10886,M,21,,Y
88918,LVSL,8/13/2021,Flathead Catfish,652,3072,M,6,,Y
88913,LVSL,8/13/2021,Flathead Catfish,648,2687,M,13,,Y
88869,WLSL,8/13/2021,Flathead Catfish,575,2430,F,4,,Y
88875,WLSL,8/13/2021,Flathead Catfish,506,1338,M,4,,Y
88875,WLSL,8/13/2021,Flathead Catfish,440,964,M,6,,Y
88868,WLSL,8/13/2021,Flathead Catfish,425,868,F,5,,Y
88875,WLSL,8/13/2021,Flathead Catfish,410,792,F,4,,Y
88875,WLSL,8/13/2021,Flathead Catfish,408,647,F,4,,Y
88875,WLSL,8/13/2021,Flathead Catfish,407,654,F,2,,Y
88867,WLSL,8/13/2021,Flathead Catfish,393,609,M,4,,Y
88867,WLSL,8/13/2021,Flathead Catfish,392,658,F,6,,Y
88912,LVSL,8/13/2021,Flathead Catfish,377,500,M,2,,Y
88867,WLSL,8/13/2021,Flathead Catfish,294,230,M,5,,Y
88872,WLSL,8/13/2021,Flathead Catfish,288,232,F,2,,Y
88872,WLSL,8/13/2021,Flathead Catfish,256,148,M,3,,Y
88875,WLSL,8/13/2021,Flathead Catfish,240,134,F,5,,Y
88872,WLSL,8/13/2021,Flathead Catfish,235,112,M,2,,Y
88872,WLSL,8/13/2021,Flathead Catfish,202,62,U,2,,Y
88873,WLSL,8/13/2021,Flathead Catfish,193,69,U,3,,Y
88892,CRSL,8/16/2021,Flathead Catfish,725,4784,F,6,,Y
88894,CRSL,8/16/2021,Flathead Catfish,627,2938,M,10,,Y
88895,CRSL,8/16/2021,Flathead Catfish,606,2215,M,5,,Y
88890,CRSL,8/16/2021,Flathead Catfish,600,2672,M,13,,Y
88891,CRSL,8/16/2021,Flathead Catfish,380,555,M,6,,Y
88892,CRSL,8/16/2021,Flathead Catfish,319,372,F,4,,Y
88892,CRSL,8/16/2021,Flathead Catfish,299,285,F,3,,Y
88891,CRSL,8/16/2021,Flathead Catfish,210,78,U,3,,Y
89013,MGSL,8/17/2021,Flathead Catfish,798,6062,F,10,,Y
89014,MGSL,8/17/2021,Flathead Catfish,740,4442,F,8,,Y
89037,GESL,8/17/2021,Flathead Catfish,554,1865,F,6,,Y
89023,NOSL,8/17/2021,Flathead Catfish,437,883,M,4,,Y
89024,NOSL,8/17/2021,Flathead Catfish,423,771,M,3,,Y
89022,NOSL,8/17/2021,Flathead Catfish,394,637,F,3,,Y
89033,GESL,8/17/2021,Flathead Catfish,376,550,M,2,,Y
89039,GESL,8/17/2021,Flathead Catfish,350,398,M,4,,Y
89042,GESL,8/17/2021,Flathead Catfish,335,355,M,6,,Y
89038,GESL,8/17/2021,Flathead Catfish,313,295,M,3,,Y
89141,LVSL,8/18/2021,Flathead Catfish,948,12000,F,11,,Y
89073,WLSL,8/18/2021,Flathead Catfish,673,3564,F,9,,Y
89067,WLSL,8/18/2021,Flathead Catfish,507,1266,F,6,,Y
89074,WLSL,8/18/2021,Flathead Catfish,434,720,M,5,,Y
89071,WLSL,8/18/2021,Flathead Catfish,417,718,F,5,,Y
89067,WLSL,8/18/2021,Flathead Catfish,404,684,F,6,,Y
89067,WLSL,8/18/2021,Flathead Catfish,368,474,F,3,,Y
89068,WLSL,8/18/2021,Flathead Catfish,343,434,F,5,,Y
89071,WLSL,8/18/2021,Flathead Catfish,314,302,M,2,,Y
89071,WLSL,8/18/2021,Flathead Catfish,297,262,M,3,,Y
89069,WLSL,8/18/2021,Flathead Catfish,276,210,M,2,,Y
89073,WLSL,8/18/2021,Flathead Catfish,256,150,M,2,,Y
89141,LVSL,8/18/2021,Flathead Catfish,248,138,F,1,,Y
89067,WLSL,8/18/2021,Flathead Catfish,236,115,U,2,,Y
89144,LVSL,8/18/2021,Flathead Catfish,197,60,U,1,,Y
89073,WLSL,8/18/2021,Flathead Catfish,174,46,U,2,,Y
89171,SGCA,8/19/2021,Flathead Catfish,920,12900,F,11,,Y
89171,SGCA,8/19/2021,Flathead Catfish,904,11300,F,8,,Y
89173,SGCA,8/19/2021,Flathead Catfish,617,2793,F,3,,Y
89151,CRSL,8/23/2021,Flathead Catfish,683,3295,M,9,,Y
89153,CRSL,8/23/2021,Flathead Catfish,628,2268,F,11,,Y
89155,CRSL,8/23/2021,Flathead Catfish,596,2426,M,10,,Y
89156,CRSL,8/23/2021,Flathead Catfish,346,370,M,4,,Y
89152,CRSL,8/23/2021,Flathead Catfish,307,278,F,4,,Y
89150,CRSL,8/23/2021,Flathead Catfish,273,187,F,3,,Y
89154,CRSL,8/23/2021,Flathead Catfish,268,158,M,4,,Y
89247,MCLA,8/24/2021,Flathead Catfish,706,3830,F,8,,Y
89254,MCLA,8/24/2021,Flathead Catfish,477,1116,M,6,,Y
89248,MCLA,8/24/2021,Flathead Catfish,404,569,F,8,,Y
89186,GESL,8/25/2021,Flathead Catfish,675,3320,F,9,,Y
89182,GESL,8/25/2021,Flathead Catfish,494,1095,M,6,,Y
89186,GESL,8/25/2021,Flathead Catfish,420,653,F,4,,Y
89183,GESL,8/25/2021,Flathead Catfish,415,699,M,8,,Y
89184,GESL,8/25/2021,Flathead Catfish,392,610,M,5,,Y
89183,GESL,8/25/2021,Flathead Catfish,391,610,F,4,,Y
89185,GESL,8/25/2021,Flathead Catfish,360,460,F,4,,Y
89177,GESL,8/25/2021,Flathead Catfish,346,411,M,3,,Y
89184,GESL,8/25/2021,Flathead Catfish,325,290,M,4,,Y
89186,GESL,8/25/2021,Flathead Catfish,320,260,M,4,,Y
89185,GESL,8/25/2021,Flathead Catfish,310,375,F,7,,Y
89185,GESL,8/25/2021,Flathead Catfish,275,180,M,4,,Y
89221,LVSL,8/26/2021,Flathead Catfish,710,3679,M,5,,Y
89225,LVSL,8/26/2021,Flathead Catfish,688,3454,M,4,,Y
89220,LVSL,8/26/2021,Flathead Catfish,544,1412,F,5,,Y
89224,LVSL,8/26/2021,Flathead Catfish,528,1400,M,5,,Y
89222,LVSL,8/26/2021,Flathead Catfish,479,1000,F,6,,Y
89221,LVSL,8/26/2021,Flathead Catfish,246,114,U,1,,Y
89228,LVSL,8/26/2021,Flathead Catfish,235,101,U,1,,Y
89258,MCLA,9/2/2021,Flathead Catfish,716,4278,M,13,,Y
89261,MCLA,9/2/2021,Flathead Catfish,356,428,M,4,,Y
87832,SGCA,6/8/2021,Flathead Catfish,1173,25120,F,,,Y
87821,SGCA,6/8/2021,Flathead Catfish,1018,17760,F,,,N
87617,MGSL,6/8/2021,Flathead Catfish,971,14000,F,,,Y
87821,SGCA,6/8/2021,Flathead Catfish,959,17060,F,,,Y
87822,SGCA,6/8/2021,Flathead Catfish,941,14360,F,,,Y
87815,SGCA,6/8/2021,Flathead Catfish,900,12570,F,,,Y
87618,MGSL,6/8/2021,Flathead Catfish,760,5775,F,,,Y
87628,NOSL,6/9/2021,Flathead Catfish,528,2048,M,,,Y
88209,LVSL,6/9/2021,Flathead Catfish,194,63,U,,,Y
87649,CRSL,6/10/2021,Flathead Catfish,654,3772,F,,,Y
87653,CRSL,6/10/2021,Flathead Catfish,623,3168,F,,,Y
87666,WLSL,6/11/2021,Flathead Catfish,1047,22000,M,,,Y
87663,WLSL,6/11/2021,Flathead Catfish,992,16000,F,,,Y
87670,WLSL,6/11/2021,Flathead Catfish,978,19000,F,,,Y
87663,WLSL,6/11/2021,Flathead Catfish,972,18000,F,,,Y
87666,WLSL,6/11/2021,Flathead Catfish,891,14000,F,,,Y
87662,WLSL,6/11/2021,Flathead Catfish,876,12000,F,,,Y
87666,WLSL,6/11/2021,Flathead Catfish,858,12000,F,,,Y
87662,WLSL,6/11/2021,Flathead Catfish,754,8000,M,,,Y
87668,WLSL,6/11/2021,Flathead Catfish,736,6628,F,,,Y
87666,WLSL,6/11/2021,Flathead Catfish,704,6000,F,,,Y
87665,WLSL,6/11/2021,Flathead Catfish,468,1148,F,,,Y
87668,WLSL,6/11/2021,Flathead Catfish,284,254,F,,,Y
87677,MGSL,6/14/2021,Flathead Catfish,1046,20000,M,,,Y
87857,SGCA,6/14/2021,Flathead Catfish,1009,17500,F,,,Y
87679,MGSL,6/14/2021,Flathead Catfish,912,10000,F,,,Y
87861,SGCA,6/14/2021,Flathead Catfish,890,12500,M,,1,N
87676,MGSL,6/14/2021,Flathead Catfish,864,11000,F,,,Y
87684,NOSL,6/14/2021,Flathead Catfish,454,1046,M,,1,N
87701,CRSL,6/15/2021,Flathead Catfish,758,5081,F,,,Y
87712,CRSL,6/15/2021,Flathead Catfish,696,4686,F,,,Y
87712,CRSL,6/15/2021,Flathead Catfish,686,4473,F,,,Y
87708,CRSL,6/15/2021,Flathead Catfish,628,3098,F,,1,N
87750,GESL,6/15/2021,Flathead Catfish,340,349,F,,,Y
87704,CRSL,6/15/2021,Flathead Catfish,226,104,F,,1,N
87883,WLSL,6/17/2021,Flathead Catfish,1026,20000,M,,,Y
87887,WLSL,6/17/2021,Flathead Catfish,1012,,M,,,Y
87886,WLSL,6/17/2021,Flathead Catfish,1010,,F,,1,N
87887,WLSL,6/17/2021,Flathead Catfish,937,,F,,,Y
87892,WLSL,6/17/2021,Flathead Catfish,922,10056,F,,,Y
87885,WLSL,6/17/2021,Flathead Catfish,903,11000,F,,,Y
87889,WLSL,6/17/2021,Flathead Catfish,880,9248,F,,,Y
87889,WLSL,6/17/2021,Flathead Catfish,833,9236,F,,,Y
87886,WLSL,6/17/2021,Flathead Catfish,828,9223,M,,1,N
87885,WLSL,6/17/2021,Flathead Catfish,815,7000,F,,1,N
87890,WLSL,6/17/2021,Flathead Catfish,815,7274,F,,,Y
87883,WLSL,6/17/2021,Flathead Catfish,765,6975,F,,,Y
87885,WLSL,6/17/2021,Flathead Catfish,670,4278,F,,1,N
87885,WLSL,6/17/2021,Flathead Catfish,663,4059,F,,,Y
88222,LVSL,6/17/2021,Flathead Catfish,575,2401,F,,1,N
87884,WLSL,6/17/2021,Flathead Catfish,532,1653,M,,1,N
87884,WLSL,6/17/2021,Flathead Catfish,473,1068,M,,1,N
87892,WLSL,6/17/2021,Flathead Catfish,422,777,M,,1,N
88218,LVSL,6/17/2021,Flathead Catfish,395,534,F,,,Y
88212,LVSL,6/17/2021,Flathead Catfish,222,89,U,,,Y
87882,WLSL,6/17/2021,Flathead Catfish,218,96,F,,1,N
87884,WLSL,6/17/2021,Flathead Catfish,182,51,U,,,Y
88156,SGCA,6/22/2021,Flathead Catfish,907,11500,F,,1,N
88167,SGCA,6/22/2021,Flathead Catfish,724,4500,M,,1,N
88165,SGCA,6/22/2021,Flathead Catfish,718,5500,F,,,Y
87962,NOSL,6/22/2021,Flathead Catfish,616,2676,M,,,Y
88200,LVSL,6/23/2021,Flathead Catfish,704,4170,M,,1,N
88061,CRSL,6/29/2021,Flathead Catfish,634,2946,F,,1,N
88040,GESL,6/30/2021,Flathead Catfish,534,1433,M,,1,N
88040,GESL,6/30/2021,Flathead Catfish,407,620,M,,1,N
88041,GESL,6/30/2021,Flathead Catfish,273,184,M,,1,N
88096,WLSL,7/2/2021,Flathead Catfish,1010,19050,F,,,Y
88098,WLSL,7/2/2021,Flathead Catfish,894,7934,M,,,Y
88097,WLSL,7/2/2021,Flathead Catfish,870,9792,F,,,Y
88092,WLSL,7/2/2021,Flathead Catfish,823,7923,F,,1,N
88101,WLSL,7/2/2021,Flathead Catfish,700,5206,M,,,Y
88101,WLSL,7/2/2021,Flathead Catfish,317,374,M,,1,N
88101,WLSL,7/2/2021,Flathead Catfish,312,258,M,,1,N
88102,WLSL,7/2/2021,Flathead Catfish,234,134,U,,1,N
88185,SGCA,7/6/2021,Flathead Catfish,1120,21000,M,,1,N
88185,SGCA,7/6/2021,Flathead Catfish,1109,21400,M,,1,N
88114,MGSL,7/6/2021,Flathead Catfish,818,6996,F,,,Y
88178,SGCA,7/6/2021,Flathead Catfish,751,5210,F,,1,N
88178,SGCA,7/6/2021,Flathead Catfish,725,4830,M,,1,N
88178,SGCA,7/6/2021,Flathead Catfish,725,4830,"",,1,N
88111,MGSL,7/6/2021,Flathead Catfish,516,1396,M,,,Y
88103,NOSL,7/6/2021,Flathead Catfish,463,1106,M,,1,N
88128,GESL,7/7/2021,Flathead Catfish,855,6912,M,,,Y
88135,CRSL,7/7/2021,Flathead Catfish,724,3608,F,,,Y
88130,CRSL,7/7/2021,Flathead Catfish,333,376,F,,,Y
88130,CRSL,7/7/2021,Flathead Catfish,284,263,M,,1,N
88126,GESL,7/7/2021,Flathead Catfish,271,175,M,,1,N
88135,CRSL,7/7/2021,Flathead Catfish,268,168,M,,,Y
88147,WLSL,7/8/2021,Flathead Catfish,930,12700,F,,,Y
88145,WLSL,7/8/2021,Flathead Catfish,537,1878,M,,,Y
88147,WLSL,7/8/2021,Flathead Catfish,432,797,M,,1,N
88148,WLSL,7/8/2021,Flathead Catfish,427,779,F,,1,N
88147,WLSL,7/8/2021,Flathead Catfish,320,292,M,,1,N
88139,WLSL,7/8/2021,Flathead Catfish,264,177,F,,1,N
88147,WLSL,7/8/2021,Flathead Catfish,237,165,F,,1,N
88273,SGCA,7/12/2021,Flathead Catfish,974,19700,M,,1,N
88312,MGSL,7/12/2021,Flathead Catfish,818,8395,F,,1,N
88273,SGCA,7/12/2021,Flathead Catfish,715,4600,M,,1,N
88312,MGSL,7/12/2021,Flathead Catfish,700,5665,F,,,Y
88304,NOSL,7/12/2021,Flathead Catfish,502,1358,M,,1,N
88375,CRSL,7/13/2021,Flathead Catfish,338,383,M,,1,N
88363,CRSL,7/13/2021,Flathead Catfish,294,248,M,,1,N
88367,CRSL,7/13/2021,Flathead Catfish,292,227,F,,1,N
88365,CRSL,7/13/2021,Flathead Catfish,264,176,F,,1,N
88376,CRSL,7/13/2021,Flathead Catfish,240,120,F,,1,N
88836,LVSL,7/16/2021,Flathead Catfish,775,6470,F,,1,N
88843,LVSL,7/16/2021,Flathead Catfish,562,1905,F,,1,N
88838,LVSL,7/16/2021,Flathead Catfish,308,274,M,,,Y
88839,LVSL,7/16/2021,Flathead Catfish,302,228,M,,1,N
88455,WLSL,7/19/2021,Flathead Catfish,924,10886,M,,,Y
88456,WLSL,7/19/2021,Flathead Catfish,906,9978,F,,1,N
88456,WLSL,7/19/2021,Flathead Catfish,508,1416,F,,1,N
88457,WLSL,7/19/2021,Flathead Catfish,432,759,F,,1,N
88453,WLSL,7/19/2021,Flathead Catfish,414,766,F,,1,N
88457,WLSL,7/19/2021,Flathead Catfish,333,355,M,,1,N
88457,WLSL,7/19/2021,Flathead Catfish,312,285,F,,1,N
88456,WLSL,7/19/2021,Flathead Catfish,258,158,U,,,Y
88473,NOSL,7/20/2021,Flathead Catfish,342,402,F,,1,N
88473,NOSL,7/20/2021,Flathead Catfish,246,158,U,,1,N
89080,MCLA,7/20/2021,Flathead Catfish,246,126,U,,1,N
89088,MCLA,7/20/2021,Flathead Catfish,125,10,U,,,Y
88481,CRSL,7/21/2021,Flathead Catfish,294,251,M,,1,N
88484,CRSL,7/21/2021,Flathead Catfish,294,227,M,,1,N
88483,CRSL,7/21/2021,Flathead Catfish,118,18,U,,,Y
88498,GESL,7/22/2021,Flathead Catfish,1040,13630,F,,,N
88493,GESL,7/22/2021,Flathead Catfish,946,9230,F,,,N
88500,GESL,7/22/2021,Flathead Catfish,376,580,M,,,Y
88853,LVSL,7/23/2021,Flathead Catfish,571,1978,F,,1,N
88528,WLSL,7/27/2021,Flathead Catfish,1026,15422,M,,,Y
88532,WLSL,7/27/2021,Flathead Catfish,858,8678,F,,1,N
88527,WLSL,7/27/2021,Flathead Catfish,845,8653,M,,1,N
88531,WLSL,7/27/2021,Flathead Catfish,838,7108,M,,1,N
88530,WLSL,7/27/2021,Flathead Catfish,770,5780,M,,,Y
88531,WLSL,7/27/2021,Flathead Catfish,725,4752,M,,1,N
88527,WLSL,7/27/2021,Flathead Catfish,672,3944,F,,1,N
88525,WLSL,7/27/2021,Flathead Catfish,558,1901,M,,1,N
88532,WLSL,7/27/2021,Flathead Catfish,428,730,F,,1,N
88525,WLSL,7/27/2021,Flathead Catfish,423,716,M,,1,N
89090,MCLA,7/27/2021,Flathead Catfish,327,313,M,,1,N
88530,WLSL,7/27/2021,Flathead Catfish,228,120,U,,,Y
89091,MCLA,7/27/2021,Flathead Catfish,225,85,U,,1,N
88602,GESL,7/28/2021,Flathead Catfish,780,5600,M,,,N
88598,GESL,7/28/2021,Flathead Catfish,498,1313,F,,1,N
88604,GESL,7/28/2021,Flathead Catfish,482,1330,F,,1,N
88601,GESL,7/28/2021,Flathead Catfish,470,1040,F,,1,N
88604,GESL,7/28/2021,Flathead Catfish,390,584,M,,1,N
88598,GESL,7/28/2021,Flathead Catfish,359,420,M,,1,N
88604,GESL,7/28/2021,Flathead Catfish,327,370,M,,1,N
88861,LVSL,7/30/2021,Flathead Catfish,800,6250,F,,1,N
88862,LVSL,7/30/2021,Flathead Catfish,584,2015,F,,1,N
88864,LVSL,7/30/2021,Flathead Catfish,570,1843,F,,1,N
88856,LVSL,7/30/2021,Flathead Catfish,398,509,F,,1,N
88676,MGSL,8/2/2021,Flathead Catfish,818,8388,F,,1,N
88683,NOSL,8/2/2021,Flathead Catfish,387,538,F,,1,N
88694,CRSL,8/3/2021,Flathead Catfish,735,4532,F,,,Y
88693,CRSL,8/3/2021,Flathead Catfish,338,368,M,,1,N
88694,CRSL,8/3/2021,Flathead Catfish,297,232,M,,1,N
88696,CRSL,8/3/2021,Flathead Catfish,270,184,F,,,Y
88692,CRSL,8/3/2021,Flathead Catfish,260,175,M,,1,N
88696,CRSL,8/3/2021,Flathead Catfish,198,65,U,,1,N
88707,WLSL,8/4/2021,Flathead Catfish,1014,,M,,1,N
88704,WLSL,8/4/2021,Flathead Catfish,934,11732,F,,1,N
88707,WLSL,8/4/2021,Flathead Catfish,868,8922,F,,1,N
88708,WLSL,8/4/2021,Flathead Catfish,804,6448,F,,1,N
88704,WLSL,8/4/2021,Flathead Catfish,672,3616,F,,1,N
88703,WLSL,8/4/2021,Flathead Catfish,474,1138,M,,1,N
88702,WLSL,8/4/2021,Flathead Catfish,423,668,M,,1,N
88708,WLSL,8/4/2021,Flathead Catfish,390,507,F,,,Y
88703,WLSL,8/4/2021,Flathead Catfish,348,396,M,,1,N
88709,WLSL,8/4/2021,Flathead Catfish,320,326,M,,1,N
88709,WLSL,8/4/2021,Flathead Catfish,314,297,M,,1,N
88706,WLSL,8/4/2021,Flathead Catfish,208,81,U,,1,N
88709,WLSL,8/4/2021,Flathead Catfish,167,54,U,,1,N
88774,GESL,8/9/2021,Flathead Catfish,481,1081,F,,1,N
88777,GESL,8/9/2021,Flathead Catfish,345,391,M,,1,N
88773,GESL,8/9/2021,Flathead Catfish,305,228,M,,1,N
88813,SGCA,8/12/2021,Flathead Catfish,965,12500,M,,,Y
88820,MGSL,8/12/2021,Flathead Catfish,750,5526,M,,1,N
88828,NOSL,8/12/2021,Flathead Catfish,454,1042,F,,,Y
88829,NOSL,8/12/2021,Flathead Catfish,357,468,F,,,Y
88829,NOSL,8/12/2021,Flathead Catfish,327,368,F,,1,N
88874,WLSL,8/13/2021,Flathead Catfish,863,8780,M,,1,N
88867,WLSL,8/13/2021,Flathead Catfish,472,1203,M,,1,N
88867,WLSL,8/13/2021,Flathead Catfish,434,883,F,,1,N
88866,WLSL,8/13/2021,Flathead Catfish,433,890,F,,1,N
88867,WLSL,8/13/2021,Flathead Catfish,355,462,F,,1,N
88867,WLSL,8/13/2021,Flathead Catfish,317,336,F,,1,N
88873,WLSL,8/13/2021,Flathead Catfish,316,318,M,,1,N
88871,WLSL,8/13/2021,Flathead Catfish,302,250,F,,1,N
88866,WLSL,8/13/2021,Flathead Catfish,258,144,M,,1,N
88895,CRSL,8/16/2021,Flathead Catfish,717,3605,F,,1,N
88893,CRSL,8/16/2021,Flathead Catfish,377,478,F,,1,N
89042,GESL,8/17/2021,Flathead Catfish,495,1312,M,,1,N
89025,NOSL,8/17/2021,Flathead Catfish,454,876,M,,1,N
89036,GESL,8/17/2021,Flathead Catfish,420,675,M,,1,N
89015,MGSL,8/17/2021,Flathead Catfish,318,352,M,,1,N
89041,GESL,8/17/2021,Flathead Catfish,314,276,M,,1,N
89022,NOSL,8/17/2021,Flathead Catfish,84,6,U,,,Y
89071,WLSL,8/18/2021,Flathead Catfish,878,7618,M,,1,N
89145,LVSL,8/18/2021,Flathead Catfish,791,6000,M,,1,N
89070,WLSL,8/18/2021,Flathead Catfish,723,4932,F,,,Y
89071,WLSL,8/18/2021,Flathead Catfish,702,4352,M,,1,N
89069,WLSL,8/18/2021,Flathead Catfish,488,1178,M,,1,N
89069,WLSL,8/18/2021,Flathead Catfish,478,1161,M,,1,N
89071,WLSL,8/18/2021,Flathead Catfish,330,386,M,,1,N
89071,WLSL,8/18/2021,Flathead Catfish,292,278,M,,1,N
89143,LVSL,8/18/2021,Flathead Catfish,267,168,U,,1,N
89074,WLSL,8/18/2021,Flathead Catfish,187,64,U,,1,N
89068,WLSL,8/18/2021,Flathead Catfish,176,47,U,,,Y
89163,SGCA,8/19/2021,Flathead Catfish,1170,21300,M,,1,N
89170,SGCA,8/19/2021,Flathead Catfish,1035,17200,M,,1,N
89170,SGCA,8/19/2021,Flathead Catfish,958,12500,M,,1,N
89170,SGCA,8/19/2021,Flathead Catfish,929,15300,F,,1,N
89174,SGCA,8/19/2021,Flathead Catfish,726,5173,F,,,Y
89155,CRSL,8/23/2021,Flathead Catfish,272,188,M,,1,N
89153,CRSL,8/23/2021,Flathead Catfish,263,178,M,,1,N
89247,MCLA,8/24/2021,Flathead Catfish,570,2000,M,,1,N
89248,MCLA,8/24/2021,Flathead Catfish,397,545,M,,1,N
89247,MCLA,8/24/2021,Flathead Catfish,293,198,F,,1,N
89247,MCLA,8/24/2021,Flathead Catfish,277,165,F,,1,N
89184,GESL,8/25/2021,Flathead Catfish,430,745,M,,1,N
89221,LVSL,8/26/2021,Flathead Catfish,750,4800,M,,1,N
89226,LVSL,8/26/2021,Flathead Catfish,298,203,M,,1,N
89256,MCLA,9/2/2021,Flathead Catfish,463,912,M,,1,N
89256,MCLA,9/2/2021,Flathead Catfish,280,201,F,,1,N
