sid,impd,date,gear,grid,effort
91101,CRSL,6/10/2021,Catfish Electro,9,0.083333333
87654,CRSL,6/10/2021,Catfish Electro,30,0.083333333
87652,CRSL,6/10/2021,Catfish Electro,36,0.083333333
87653,CRSL,6/10/2021,Catfish Electro,51,0.083333333
87651,CRSL,6/10/2021,Catfish Electro,55,0.083333333
87650,CRSL,6/10/2021,Catfish Electro,76,0.083333333
87655,CRSL,6/10/2021,Catfish Electro,82,0.083333333
87646,CRSL,6/10/2021,Catfish Electro,91,0.083333333
87649,CRSL,6/10/2021,Catfish Electro,93,0.083333333
87647,CRSL,6/10/2021,Catfish Electro,96,0.083333333
87648,CRSL,6/10/2021,Catfish Electro,106,0.083333333
87710,CRSL,6/15/2021,Catfish Electro,9,0.083333333
87711,CRSL,6/15/2021,Catfish Electro,30,0.083333333
87709,CRSL,6/15/2021,Catfish Electro,36,0.083333333
87708,CRSL,6/15/2021,Catfish Electro,51,0.083333333
87707,CRSL,6/15/2021,Catfish Electro,55,0.083333333
87706,CRSL,6/15/2021,Catfish Electro,76,0.083333333
87700,CRSL,6/15/2021,Catfish Electro,82,0.083333333
87712,CRSL,6/15/2021,Catfish Electro,91,0.083333333
87705,CRSL,6/15/2021,Catfish Electro,93,0.083333333
87701,CRSL,6/15/2021,Catfish Electro,96,0.083333333
87704,CRSL,6/15/2021,Catfish Electro,106,0.083333333
88063,CRSL,6/29/2021,Catfish Electro,9,0.083333333
88064,CRSL,6/29/2021,Catfish Electro,30,0.083333333
88062,CRSL,6/29/2021,Catfish Electro,36,0.083333333
88061,CRSL,6/29/2021,Catfish Electro,51,0.083333333
88060,CRSL,6/29/2021,Catfish Electro,55,0.083333333
88059,CRSL,6/29/2021,Catfish Electro,76,0.083333333
88054,CRSL,6/29/2021,Catfish Electro,82,0.083333333
88055,CRSL,6/29/2021,Catfish Electro,91,0.083333333
88058,CRSL,6/29/2021,Catfish Electro,93,0.083333333
88056,CRSL,6/29/2021,Catfish Electro,96,0.083333333
88057,CRSL,6/29/2021,Catfish Electro,106,0.083333333
88136,CRSL,7/7/2021,Catfish Electro,9,0.083333333
88137,CRSL,7/7/2021,Catfish Electro,30,0.083333333
88138,CRSL,7/7/2021,Catfish Electro,36,0.083333333
88135,CRSL,7/7/2021,Catfish Electro,51,0.083333333
88134,CRSL,7/7/2021,Catfish Electro,55,0.083333333
88133,CRSL,7/7/2021,Catfish Electro,76,0.083333333
88129,CRSL,7/7/2021,Catfish Electro,82,0.083333333
88130,CRSL,7/7/2021,Catfish Electro,91,0.083333333
88373,CRSL,7/7/2021,Catfish Electro,93,0.083333333
88131,CRSL,7/7/2021,Catfish Electro,96,0.083333333
88132,CRSL,7/7/2021,Catfish Electro,106,0.083333333
88374,CRSL,7/13/2021,Catfish Electro,9,0.083333333
88378,CRSL,7/13/2021,Catfish Electro,30,0.083333333
88368,CRSL,7/13/2021,Catfish Electro,36,0.083333333
88367,CRSL,7/13/2021,Catfish Electro,51,0.083333333
88366,CRSL,7/13/2021,Catfish Electro,55,0.083333333
88375,CRSL,7/13/2021,Catfish Electro,76,0.083333333
88377,CRSL,7/13/2021,Catfish Electro,82,0.083333333
88363,CRSL,7/13/2021,Catfish Electro,91,0.083333333
88365,CRSL,7/13/2021,Catfish Electro,93,0.083333333
88364,CRSL,7/13/2021,Catfish Electro,96,0.083333333
88376,CRSL,7/13/2021,Catfish Electro,106,0.083333333
88485,CRSL,7/21/2021,Catfish Electro,9,0.083333333
88491,CRSL,7/21/2021,Catfish Electro,30,0.083333333
88488,CRSL,7/21/2021,Catfish Electro,36,0.083333333
88484,CRSL,7/21/2021,Catfish Electro,51,0.083333333
88487,CRSL,7/21/2021,Catfish Electro,55,0.083333333
88489,CRSL,7/21/2021,Catfish Electro,76,0.083333333
88490,CRSL,7/21/2021,Catfish Electro,82,0.083333333
88481,CRSL,7/21/2021,Catfish Electro,91,0.083333333
88483,CRSL,7/21/2021,Catfish Electro,93,0.083333333
88486,CRSL,7/21/2021,Catfish Electro,96,0.083333333
88482,CRSL,7/21/2021,Catfish Electro,106,0.083333333
88697,CRSL,8/3/2021,Catfish Electro,9,0.083333333
88698,CRSL,8/3/2021,Catfish Electro,30,0.083333333
88695,CRSL,8/3/2021,Catfish Electro,36,0.083333333
88694,CRSL,8/3/2021,Catfish Electro,51,0.083333333
88693,CRSL,8/3/2021,Catfish Electro,55,0.083333333
88699,CRSL,8/3/2021,Catfish Electro,76,0.083333333
88691,CRSL,8/3/2021,Catfish Electro,82,0.083333333
88701,CRSL,8/3/2021,Catfish Electro,91,0.083333333
88692,CRSL,8/3/2021,Catfish Electro,93,0.083333333
88700,CRSL,8/3/2021,Catfish Electro,96,0.083333333
88696,CRSL,8/3/2021,Catfish Electro,106,0.083333333
88899,CRSL,8/16/2021,Catfish Electro,9,0.083333333
88894,CRSL,8/16/2021,Catfish Electro,30,0.083333333
88893,CRSL,8/16/2021,Catfish Electro,36,0.083333333
88895,CRSL,8/16/2021,Catfish Electro,51,0.083333333
88898,CRSL,8/16/2021,Catfish Electro,55,0.083333333
88892,CRSL,8/16/2021,Catfish Electro,76,0.083333333
88900,CRSL,8/16/2021,Catfish Electro,82,0.083333333
88890,CRSL,8/16/2021,Catfish Electro,91,0.083333333
88891,CRSL,8/16/2021,Catfish Electro,93,0.083333333
88896,CRSL,8/16/2021,Catfish Electro,96,0.083333333
88897,CRSL,8/16/2021,Catfish Electro,106,0.083333333
89157,CRSL,8/23/2021,Catfish Electro,9,0.083333333
89161,CRSL,8/23/2021,Catfish Electro,30,0.083333333
89156,CRSL,8/23/2021,Catfish Electro,36,0.083333333
89155,CRSL,8/23/2021,Catfish Electro,51,0.083333333
89154,CRSL,8/23/2021,Catfish Electro,55,0.083333333
89158,CRSL,8/23/2021,Catfish Electro,76,0.083333333
89160,CRSL,8/23/2021,Catfish Electro,82,0.083333333
89150,CRSL,8/23/2021,Catfish Electro,91,0.083333333
89153,CRSL,8/23/2021,Catfish Electro,93,0.083333333
89151,CRSL,8/23/2021,Catfish Electro,96,0.083333333
89152,CRSL,8/23/2021,Catfish Electro,106,0.083333333
87748,GESL,6/15/2021,Catfish Electro,9,0.083333333
87747,GESL,6/15/2021,Catfish Electro,23,0.083333333
87746,GESL,6/15/2021,Catfish Electro,25,0.083333333
87749,GESL,6/15/2021,Catfish Electro,29,0.083333333
87750,GESL,6/15/2021,Catfish Electro,37,0.083333333
87745,GESL,6/15/2021,Catfish Electro,39,0.083333333
87751,GESL,6/15/2021,Catfish Electro,48,0.083333333
87744,GESL,6/15/2021,Catfish Electro,51,0.083333333
87743,GESL,6/15/2021,Catfish Electro,56,0.083333333
87742,GESL,6/15/2021,Catfish Electro,64,0.083333333
87947,GESL,6/23/2021,Catfish Electro,9,0.083333333
87946,GESL,6/23/2021,Catfish Electro,23,0.083333333
87945,GESL,6/23/2021,Catfish Electro,25,0.083333333
87948,GESL,6/23/2021,Catfish Electro,29,0.083333333
87949,GESL,6/23/2021,Catfish Electro,37,0.083333333
87944,GESL,6/23/2021,Catfish Electro,39,0.083333333
87950,GESL,6/23/2021,Catfish Electro,48,0.083333333
87943,GESL,6/23/2021,Catfish Electro,51,0.083333333
87942,GESL,6/23/2021,Catfish Electro,56,0.083333333
87941,GESL,6/23/2021,Catfish Electro,64,0.083333333
88040,GESL,6/30/2021,Catfish Electro,9,0.083333333
88039,GESL,6/30/2021,Catfish Electro,23,0.083333333
88038,GESL,6/30/2021,Catfish Electro,25,0.083333333
88041,GESL,6/30/2021,Catfish Electro,29,0.083333333
88042,GESL,6/30/2021,Catfish Electro,37,0.083333333
88037,GESL,6/30/2021,Catfish Electro,39,0.083333333
88043,GESL,6/30/2021,Catfish Electro,48,0.083333333
88036,GESL,6/30/2021,Catfish Electro,51,0.083333333
88035,GESL,6/30/2021,Catfish Electro,56,0.083333333
88034,GESL,6/30/2021,Catfish Electro,64,0.083333333
88125,GESL,7/7/2021,Catfish Electro,9,0.083333333
88124,GESL,7/7/2021,Catfish Electro,23,0.083333333
88123,GESL,7/7/2021,Catfish Electro,25,0.083333333
88126,GESL,7/7/2021,Catfish Electro,29,0.083333333
88127,GESL,7/7/2021,Catfish Electro,37,0.083333333
88122,GESL,7/7/2021,Catfish Electro,39,0.083333333
88128,GESL,7/7/2021,Catfish Electro,48,0.083333333
88121,GESL,7/7/2021,Catfish Electro,51,0.083333333
88120,GESL,7/7/2021,Catfish Electro,56,0.083333333
88119,GESL,7/7/2021,Catfish Electro,64,0.083333333
88498,GESL,7/22/2021,Catfish Electro,9,0.083333333
88497,GESL,7/22/2021,Catfish Electro,23,0.083333333
88496,GESL,7/22/2021,Catfish Electro,25,0.083333333
88501,GESL,7/22/2021,Catfish Electro,29,0.083333333
88499,GESL,7/22/2021,Catfish Electro,37,0.083333333
88495,GESL,7/22/2021,Catfish Electro,39,0.083333333
88500,GESL,7/22/2021,Catfish Electro,48,0.083333333
88494,GESL,7/22/2021,Catfish Electro,51,0.083333333
88493,GESL,7/22/2021,Catfish Electro,56,0.083333333
88492,GESL,7/22/2021,Catfish Electro,64,0.083333333
88601,GESL,7/28/2021,Catfish Electro,9,0.083333333
88600,GESL,7/28/2021,Catfish Electro,23,0.083333333
88599,GESL,7/28/2021,Catfish Electro,25,0.083333333
88602,GESL,7/28/2021,Catfish Electro,29,0.083333333
88603,GESL,7/28/2021,Catfish Electro,37,0.083333333
88598,GESL,7/28/2021,Catfish Electro,39,0.083333333
88604,GESL,7/28/2021,Catfish Electro,48,0.083333333
88597,GESL,7/28/2021,Catfish Electro,51,0.083333333
88596,GESL,7/28/2021,Catfish Electro,56,0.083333333
88595,GESL,7/28/2021,Catfish Electro,64,0.083333333
88774,GESL,8/9/2021,Catfish Electro,9,0.083333333
88773,GESL,8/9/2021,Catfish Electro,23,0.083333333
88772,GESL,8/9/2021,Catfish Electro,25,0.083333333
88775,GESL,8/9/2021,Catfish Electro,29,0.083333333
88776,GESL,8/9/2021,Catfish Electro,37,0.083333333
88771,GESL,8/9/2021,Catfish Electro,39,0.083333333
88777,GESL,8/9/2021,Catfish Electro,48,0.083333333
88770,GESL,8/9/2021,Catfish Electro,51,0.083333333
88769,GESL,8/9/2021,Catfish Electro,56,0.083333333
88768,GESL,8/9/2021,Catfish Electro,64,0.083333333
89039,GESL,8/17/2021,Catfish Electro,9,0.083333333
89038,GESL,8/17/2021,Catfish Electro,23,0.083333333
89037,GESL,8/17/2021,Catfish Electro,25,0.083333333
89040,GESL,8/17/2021,Catfish Electro,29,0.083333333
89041,GESL,8/17/2021,Catfish Electro,37,0.083333333
89036,GESL,8/17/2021,Catfish Electro,39,0.083333333
89042,GESL,8/17/2021,Catfish Electro,48,0.083333333
89035,GESL,8/17/2021,Catfish Electro,51,0.083333333
89034,GESL,8/17/2021,Catfish Electro,56,0.083333333
89033,GESL,8/17/2021,Catfish Electro,64,0.083333333
89183,GESL,8/25/2021,Catfish Electro,9,0.083333333
89182,GESL,8/25/2021,Catfish Electro,23,0.083333333
89181,GESL,8/25/2021,Catfish Electro,25,0.083333333
89184,GESL,8/25/2021,Catfish Electro,29,0.083333333
89185,GESL,8/25/2021,Catfish Electro,37,0.083333333
89180,GESL,8/25/2021,Catfish Electro,39,0.083333333
89186,GESL,8/25/2021,Catfish Electro,48,0.083333333
89179,GESL,8/25/2021,Catfish Electro,51,0.083333333
89178,GESL,8/25/2021,Catfish Electro,56,0.083333333
89177,GESL,8/25/2021,Catfish Electro,64,0.083333333
88202,LVSL,6/9/2021,Catfish Electro,8,0.083333333
88203,LVSL,6/9/2021,Catfish Electro,12,0.083333333
88206,LVSL,6/9/2021,Catfish Electro,21,0.083333333
88204,LVSL,6/9/2021,Catfish Electro,38,0.083333333
88207,LVSL,6/9/2021,Catfish Electro,48,0.083333333
88205,LVSL,6/9/2021,Catfish Electro,52,0.083333333
88210,LVSL,6/9/2021,Catfish Electro,71,0.083333333
88208,LVSL,6/9/2021,Catfish Electro,68,0.083333333
88209,LVSL,6/9/2021,Catfish Electro,83,0.083333333
88211,LVSL,6/9/2021,Catfish Electro,87,0.083333333
88214,LVSL,6/17/2021,Catfish Electro,8,0.083333333
88212,LVSL,6/17/2021,Catfish Electro,12,0.083333333
88216,LVSL,6/17/2021,Catfish Electro,21,0.083333333
88213,LVSL,6/17/2021,Catfish Electro,38,0.083333333
88218,LVSL,6/17/2021,Catfish Electro,48,0.083333333
88215,LVSL,6/17/2021,Catfish Electro,52,0.083333333
88220,LVSL,6/17/2021,Catfish Electro,68,0.083333333
88224,LVSL,6/17/2021,Catfish Electro,71,0.083333333
88222,LVSL,6/17/2021,Catfish Electro,83,0.083333333
88226,LVSL,6/17/2021,Catfish Electro,87,0.083333333
88192,LVSL,6/23/2021,Catfish Electro,8,0.083333333
88193,LVSL,6/23/2021,Catfish Electro,12,0.083333333
88196,LVSL,6/23/2021,Catfish Electro,21,0.083333333
88194,LVSL,6/23/2021,Catfish Electro,38,0.083333333
88197,LVSL,6/23/2021,Catfish Electro,48,0.083333333
88195,LVSL,6/23/2021,Catfish Electro,52,0.083333333
88198,LVSL,6/23/2021,Catfish Electro,68,0.083333333
88200,LVSL,6/23/2021,Catfish Electro,71,0.083333333
88199,LVSL,6/23/2021,Catfish Electro,83,0.083333333
88201,LVSL,6/23/2021,Catfish Electro,87,0.083333333
88836,LVSL,7/16/2021,Catfish Electro,8,0.083333333
88837,LVSL,7/16/2021,Catfish Electro,12,0.083333333
88840,LVSL,7/16/2021,Catfish Electro,21,0.083333333
88845,LVSL,7/16/2021,Catfish Electro,38,0.083333333
88839,LVSL,7/16/2021,Catfish Electro,48,0.083333333
88838,LVSL,7/16/2021,Catfish Electro,52,0.083333333
88841,LVSL,7/16/2021,Catfish Electro,68,0.083333333
88843,LVSL,7/16/2021,Catfish Electro,71,0.083333333
88842,LVSL,7/16/2021,Catfish Electro,83,0.083333333
88844,LVSL,7/16/2021,Catfish Electro,87,0.083333333
88846,LVSL,7/23/2021,Catfish Electro,8,0.083333333
88847,LVSL,7/23/2021,Catfish Electro,12,0.083333333
88855,LVSL,7/23/2021,Catfish Electro,21,0.083333333
88848,LVSL,7/23/2021,Catfish Electro,38,0.083333333
88850,LVSL,7/23/2021,Catfish Electro,48,0.083333333
88849,LVSL,7/23/2021,Catfish Electro,52,0.083333333
88851,LVSL,7/23/2021,Catfish Electro,68,0.083333333
88853,LVSL,7/23/2021,Catfish Electro,71,0.083333333
88852,LVSL,7/23/2021,Catfish Electro,83,0.083333333
88854,LVSL,7/23/2021,Catfish Electro,87,0.083333333
88856,LVSL,7/30/2021,Catfish Electro,8,0.083333333
88858,LVSL,7/30/2021,Catfish Electro,12,0.083333333
88859,LVSL,7/30/2021,Catfish Electro,21,0.083333333
88857,LVSL,7/30/2021,Catfish Electro,38,0.083333333
88861,LVSL,7/30/2021,Catfish Electro,48,0.083333333
88860,LVSL,7/30/2021,Catfish Electro,52,0.083333333
88862,LVSL,7/30/2021,Catfish Electro,68,0.083333333
88864,LVSL,7/30/2021,Catfish Electro,71,0.083333333
88863,LVSL,7/30/2021,Catfish Electro,83,0.083333333
88865,LVSL,7/30/2021,Catfish Electro,87,0.083333333
88910,LVSL,8/13/2021,Catfish Electro,8,0.083333333
88912,LVSL,8/13/2021,Catfish Electro,12,0.083333333
88914,LVSL,8/13/2021,Catfish Electro,21,0.083333333
88911,LVSL,8/13/2021,Catfish Electro,38,0.083333333
88915,LVSL,8/13/2021,Catfish Electro,48,0.083333333
88913,LVSL,8/13/2021,Catfish Electro,52,0.083333333
88916,LVSL,8/13/2021,Catfish Electro,68,0.083333333
88918,LVSL,8/13/2021,Catfish Electro,71,0.083333333
88917,LVSL,8/13/2021,Catfish Electro,83,0.083333333
88919,LVSL,8/13/2021,Catfish Electro,87,0.083333333
89141,LVSL,8/18/2021,Catfish Electro,8,0.083333333
89143,LVSL,8/18/2021,Catfish Electro,12,0.083333333
89145,LVSL,8/18/2021,Catfish Electro,21,0.083333333
89142,LVSL,8/18/2021,Catfish Electro,38,0.083333333
89146,LVSL,8/18/2021,Catfish Electro,48,0.083333333
89144,LVSL,8/18/2021,Catfish Electro,52,0.083333333
89147,LVSL,8/18/2021,Catfish Electro,68,0.083333333
89148,LVSL,8/18/2021,Catfish Electro,71,0.083333333
91102,LVSL,8/18/2021,Catfish Electro,83,0.083333333
89149,LVSL,8/18/2021,Catfish Electro,87,0.083333333
89219,LVSL,8/26/2021,Catfish Electro,8,0.083333333
89220,LVSL,8/26/2021,Catfish Electro,12,0.083333333
89223,LVSL,8/26/2021,Catfish Electro,21,0.083333333
89221,LVSL,8/26/2021,Catfish Electro,38,0.083333333
89224,LVSL,8/26/2021,Catfish Electro,48,0.083333333
89222,LVSL,8/26/2021,Catfish Electro,52,0.083333333
89225,LVSL,8/26/2021,Catfish Electro,68,0.083333333
89226,LVSL,8/26/2021,Catfish Electro,71,0.083333333
89227,LVSL,8/26/2021,Catfish Electro,83,0.083333333
89228,LVSL,8/26/2021,Catfish Electro,87,0.083333333
87971,MCLA,6/11/2021,Catfish Electro,10,0.083333333
87970,MCLA,6/11/2021,Catfish Electro,14,0.083333333
87972,MCLA,6/11/2021,Catfish Electro,17,0.083333333
87969,MCLA,6/11/2021,Catfish Electro,33,0.083333333
87973,MCLA,6/11/2021,Catfish Electro,51,0.083333333
87974,MCLA,6/11/2021,Catfish Electro,62,0.083333333
87975,MCLA,6/11/2021,Catfish Electro,79,0.083333333
87976,MCLA,6/11/2021,Catfish Electro,89,0.083333333
87978,MCLA,6/11/2021,Catfish Electro,99,0.083333333
87977,MCLA,6/11/2021,Catfish Electro,120,0.083333333
87981,MCLA,6/22/2021,Catfish Electro,10,0.083333333
87980,MCLA,6/22/2021,Catfish Electro,14,0.083333333
87982,MCLA,6/22/2021,Catfish Electro,17,0.083333333
87979,MCLA,6/22/2021,Catfish Electro,33,0.083333333
87983,MCLA,6/22/2021,Catfish Electro,51,0.083333333
87984,MCLA,6/22/2021,Catfish Electro,62,0.083333333
87985,MCLA,6/22/2021,Catfish Electro,79,0.083333333
87986,MCLA,6/22/2021,Catfish Electro,89,0.083333333
87988,MCLA,6/22/2021,Catfish Electro,99,0.083333333
87987,MCLA,6/22/2021,Catfish Electro,120,0.083333333
88436,MCLA,7/1/2021,Catfish Electro,10,0.083333333
88435,MCLA,7/1/2021,Catfish Electro,14,0.083333333
88437,MCLA,7/1/2021,Catfish Electro,17,0.083333333
88434,MCLA,7/1/2021,Catfish Electro,33,0.083333333
88438,MCLA,7/1/2021,Catfish Electro,51,0.083333333
88439,MCLA,7/1/2021,Catfish Electro,62,0.083333333
88440,MCLA,7/1/2021,Catfish Electro,79,0.083333333
88443,MCLA,7/1/2021,Catfish Electro,89,0.083333333
88441,MCLA,7/1/2021,Catfish Electro,99,0.083333333
88442,MCLA,7/1/2021,Catfish Electro,120,0.083333333
88879,MCLA,7/13/2021,Catfish Electro,10,0.083333333
88878,MCLA,7/13/2021,Catfish Electro,14,0.083333333
88880,MCLA,7/13/2021,Catfish Electro,17,0.083333333
88877,MCLA,7/13/2021,Catfish Electro,33,0.083333333
88881,MCLA,7/13/2021,Catfish Electro,51,0.083333333
88882,MCLA,7/13/2021,Catfish Electro,62,0.083333333
88884,MCLA,7/13/2021,Catfish Electro,79,0.083333333
88883,MCLA,7/13/2021,Catfish Electro,89,0.083333333
88885,MCLA,7/13/2021,Catfish Electro,99,0.083333333
88886,MCLA,7/13/2021,Catfish Electro,120,0.083333333
89081,MCLA,7/20/2021,Catfish Electro,10,0.083333333
89080,MCLA,7/20/2021,Catfish Electro,14,0.083333333
89082,MCLA,7/20/2021,Catfish Electro,17,0.083333333
89079,MCLA,7/20/2021,Catfish Electro,33,0.083333333
89083,MCLA,7/20/2021,Catfish Electro,51,0.083333333
89084,MCLA,7/20/2021,Catfish Electro,62,0.083333333
89085,MCLA,7/20/2021,Catfish Electro,79,0.083333333
89086,MCLA,7/20/2021,Catfish Electro,89,0.083333333
89088,MCLA,7/20/2021,Catfish Electro,99,0.083333333
89087,MCLA,7/20/2021,Catfish Electro,120,0.083333333
89091,MCLA,7/27/2021,Catfish Electro,10,0.083333333
89090,MCLA,7/27/2021,Catfish Electro,14,0.083333333
89092,MCLA,7/27/2021,Catfish Electro,17,0.083333333
89089,MCLA,7/27/2021,Catfish Electro,33,0.083333333
89093,MCLA,7/27/2021,Catfish Electro,51,0.083333333
89094,MCLA,7/27/2021,Catfish Electro,62,0.083333333
89095,MCLA,7/27/2021,Catfish Electro,79,0.083333333
89096,MCLA,7/27/2021,Catfish Electro,89,0.083333333
89098,MCLA,7/27/2021,Catfish Electro,99,0.083333333
89097,MCLA,7/27/2021,Catfish Electro,120,0.083333333
89101,MCLA,8/10/2021,Catfish Electro,10,0.083333333
89100,MCLA,8/10/2021,Catfish Electro,14,0.083333333
89102,MCLA,8/10/2021,Catfish Electro,17,0.083333333
89099,MCLA,8/10/2021,Catfish Electro,33,0.083333333
89103,MCLA,8/10/2021,Catfish Electro,51,0.083333333
89104,MCLA,8/10/2021,Catfish Electro,62,0.083333333
89105,MCLA,8/10/2021,Catfish Electro,79,0.083333333
89106,MCLA,8/10/2021,Catfish Electro,89,0.083333333
89108,MCLA,8/10/2021,Catfish Electro,99,0.083333333
89107,MCLA,8/10/2021,Catfish Electro,120,0.083333333
89247,MCLA,8/24/2021,Catfish Electro,10,0.083333333
89246,MCLA,8/24/2021,Catfish Electro,14,0.083333333
89248,MCLA,8/24/2021,Catfish Electro,17,0.083333333
89245,MCLA,8/24/2021,Catfish Electro,33,0.083333333
89249,MCLA,8/24/2021,Catfish Electro,51,0.083333333
89250,MCLA,8/24/2021,Catfish Electro,62,0.083333333
89251,MCLA,8/24/2021,Catfish Electro,79,0.083333333
89252,MCLA,8/24/2021,Catfish Electro,89,0.083333333
89254,MCLA,8/24/2021,Catfish Electro,99,0.083333333
89253,MCLA,8/24/2021,Catfish Electro,120,0.083333333
89257,MCLA,9/2/2021,Catfish Electro,10,0.083333333
89256,MCLA,9/2/2021,Catfish Electro,14,0.083333333
89258,MCLA,9/2/2021,Catfish Electro,17,0.083333333
89255,MCLA,9/2/2021,Catfish Electro,33,0.083333333
89259,MCLA,9/2/2021,Catfish Electro,51,0.083333333
89260,MCLA,9/2/2021,Catfish Electro,62,0.083333333
89261,MCLA,9/2/2021,Catfish Electro,79,0.083333333
89262,MCLA,9/2/2021,Catfish Electro,89,0.083333333
89264,MCLA,9/2/2021,Catfish Electro,99,0.083333333
89263,MCLA,9/2/2021,Catfish Electro,120,0.083333333
87622,MGSL,6/8/2021,Catfish Electro,20,0.083333333
87621,MGSL,6/8/2021,Catfish Electro,23,0.083333333
87620,MGSL,6/8/2021,Catfish Electro,32,0.083333333
87624,MGSL,6/8/2021,Catfish Electro,35,0.083333333
87617,MGSL,6/8/2021,Catfish Electro,44,0.083333333
87619,MGSL,6/8/2021,Catfish Electro,54,0.083333333
87618,MGSL,6/8/2021,Catfish Electro,56,0.083333333
87623,MGSL,6/8/2021,Catfish Electro,60,0.083333333
87679,MGSL,6/14/2021,Catfish Electro,20,0.083333333
87678,MGSL,6/14/2021,Catfish Electro,23,0.083333333
87677,MGSL,6/14/2021,Catfish Electro,32,0.083333333
87680,MGSL,6/14/2021,Catfish Electro,35,0.083333333
87676,MGSL,6/14/2021,Catfish Electro,44,0.083333333
87675,MGSL,6/14/2021,Catfish Electro,54,0.083333333
87673,MGSL,6/14/2021,Catfish Electro,56,0.083333333
87674,MGSL,6/14/2021,Catfish Electro,60,0.083333333
87954,MGSL,6/22/2021,Catfish Electro,20,0.083333333
87953,MGSL,6/22/2021,Catfish Electro,23,0.083333333
87952,MGSL,6/22/2021,Catfish Electro,32,0.083333333
87955,MGSL,6/22/2021,Catfish Electro,35,0.083333333
87956,MGSL,6/22/2021,Catfish Electro,44,0.083333333
87951,MGSL,6/22/2021,Catfish Electro,54,0.083333333
87957,MGSL,6/22/2021,Catfish Electro,56,0.083333333
87958,MGSL,6/22/2021,Catfish Electro,60,0.083333333
88115,MGSL,7/6/2021,Catfish Electro,20,0.083333333
88114,MGSL,7/6/2021,Catfish Electro,23,0.083333333
88112,MGSL,7/6/2021,Catfish Electro,32,0.083333333
88118,MGSL,7/6/2021,Catfish Electro,35,0.083333333
88113,MGSL,7/6/2021,Catfish Electro,44,0.083333333
88111,MGSL,7/6/2021,Catfish Electro,54,0.083333333
88116,MGSL,7/6/2021,Catfish Electro,56,0.083333333
88117,MGSL,7/6/2021,Catfish Electro,60,0.083333333
88317,MGSL,7/12/2021,Catfish Electro,20,0.083333333
88316,MGSL,7/12/2021,Catfish Electro,23,0.083333333
88314,MGSL,7/12/2021,Catfish Electro,32,0.083333333
88312,MGSL,7/12/2021,Catfish Electro,35,0.083333333
88315,MGSL,7/12/2021,Catfish Electro,44,0.083333333
88313,MGSL,7/12/2021,Catfish Electro,54,0.083333333
88318,MGSL,7/12/2021,Catfish Electro,56,0.083333333
88319,MGSL,7/12/2021,Catfish Electro,60,0.083333333
88469,MGSL,7/20/2021,Catfish Electro,20,0.083333333
88468,MGSL,7/20/2021,Catfish Electro,23,0.083333333
88466,MGSL,7/20/2021,Catfish Electro,32,0.083333333
88464,MGSL,7/20/2021,Catfish Electro,35,0.083333333
88467,MGSL,7/20/2021,Catfish Electro,44,0.083333333
88465,MGSL,7/20/2021,Catfish Electro,54,0.083333333
88470,MGSL,7/20/2021,Catfish Electro,56,0.083333333
88471,MGSL,7/20/2021,Catfish Electro,60,0.083333333
88681,MGSL,8/2/2021,Catfish Electro,20,0.083333333
88680,MGSL,8/2/2021,Catfish Electro,23,0.083333333
88678,MGSL,8/2/2021,Catfish Electro,32,0.083333333
88677,MGSL,8/2/2021,Catfish Electro,35,0.083333333
88679,MGSL,8/2/2021,Catfish Electro,44,0.083333333
88676,MGSL,8/2/2021,Catfish Electro,54,0.083333333
88675,MGSL,8/2/2021,Catfish Electro,56,0.083333333
88682,MGSL,8/2/2021,Catfish Electro,60,0.083333333
88827,MGSL,8/12/2021,Catfish Electro,20,0.083333333
88826,MGSL,8/12/2021,Catfish Electro,23,0.083333333
88823,MGSL,8/12/2021,Catfish Electro,32,0.083333333
88821,MGSL,8/12/2021,Catfish Electro,35,0.083333333
88822,MGSL,8/12/2021,Catfish Electro,44,0.083333333
88820,MGSL,8/12/2021,Catfish Electro,54,0.083333333
88824,MGSL,8/12/2021,Catfish Electro,56,0.083333333
88825,MGSL,8/12/2021,Catfish Electro,60,0.083333333
89014,MGSL,8/17/2021,Catfish Electro,20,0.083333333
89016,MGSL,8/17/2021,Catfish Electro,23,0.083333333
89015,MGSL,8/17/2021,Catfish Electro,32,0.083333333
89017,MGSL,8/17/2021,Catfish Electro,35,0.083333333
89018,MGSL,8/17/2021,Catfish Electro,44,0.083333333
89013,MGSL,8/17/2021,Catfish Electro,54,0.083333333
89019,MGSL,8/17/2021,Catfish Electro,56,0.083333333
89021,MGSL,8/17/2021,Catfish Electro,60,0.083333333
87630,NOSL,6/9/2021,Catfish Electro,13,0.083333333
87627,NOSL,6/9/2021,Catfish Electro,24,0.083333333
87631,NOSL,6/9/2021,Catfish Electro,26,0.083333333
87629,NOSL,6/9/2021,Catfish Electro,29,0.083333333
87626,NOSL,6/9/2021,Catfish Electro,32,0.083333333
87632,NOSL,6/9/2021,Catfish Electro,43,0.083333333
87628,NOSL,6/9/2021,Catfish Electro,45,0.083333333
87625,NOSL,6/9/2021,Catfish Electro,48,0.083333333
87686,NOSL,6/14/2021,Catfish Electro,13,0.083333333
87683,NOSL,6/14/2021,Catfish Electro,24,0.083333333
87688,NOSL,6/14/2021,Catfish Electro,26,0.083333333
87685,NOSL,6/14/2021,Catfish Electro,29,0.083333333
87682,NOSL,6/14/2021,Catfish Electro,32,0.083333333
87687,NOSL,6/14/2021,Catfish Electro,43,0.083333333
87684,NOSL,6/14/2021,Catfish Electro,45,0.083333333
87681,NOSL,6/14/2021,Catfish Electro,48,0.083333333
87964,NOSL,6/22/2021,Catfish Electro,13,0.083333333
87961,NOSL,6/22/2021,Catfish Electro,24,0.083333333
87960,NOSL,6/22/2021,Catfish Electro,26,0.083333333
87963,NOSL,6/22/2021,Catfish Electro,29,0.083333333
87959,NOSL,6/22/2021,Catfish Electro,32,0.083333333
87965,NOSL,6/22/2021,Catfish Electro,43,0.083333333
87962,NOSL,6/22/2021,Catfish Electro,45,0.083333333
87966,NOSL,6/22/2021,Catfish Electro,48,0.083333333
88108,NOSL,7/6/2021,Catfish Electro,13,0.083333333
88106,NOSL,7/6/2021,Catfish Electro,24,0.083333333
88105,NOSL,7/6/2021,Catfish Electro,26,0.083333333
88107,NOSL,7/6/2021,Catfish Electro,29,0.083333333
88104,NOSL,7/6/2021,Catfish Electro,32,0.083333333
88109,NOSL,7/6/2021,Catfish Electro,43,0.083333333
88103,NOSL,7/6/2021,Catfish Electro,45,0.083333333
88110,NOSL,7/6/2021,Catfish Electro,48,0.083333333
88309,NOSL,7/12/2021,Catfish Electro,13,0.083333333
88304,NOSL,7/12/2021,Catfish Electro,24,0.083333333
88307,NOSL,7/12/2021,Catfish Electro,26,0.083333333
88308,NOSL,7/12/2021,Catfish Electro,29,0.083333333
88306,NOSL,7/12/2021,Catfish Electro,32,0.083333333
88310,NOSL,7/12/2021,Catfish Electro,43,0.083333333
88305,NOSL,7/12/2021,Catfish Electro,45,0.083333333
88311,NOSL,7/12/2021,Catfish Electro,48,0.083333333
88478,NOSL,7/20/2021,Catfish Electro,13,0.083333333
88474,NOSL,7/20/2021,Catfish Electro,24,0.083333333
88476,NOSL,7/20/2021,Catfish Electro,26,0.083333333
88477,NOSL,7/20/2021,Catfish Electro,29,0.083333333
88472,NOSL,7/20/2021,Catfish Electro,32,0.083333333
88479,NOSL,7/20/2021,Catfish Electro,43,0.083333333
88473,NOSL,7/20/2021,Catfish Electro,45,0.083333333
88480,NOSL,7/20/2021,Catfish Electro,48,0.083333333
88688,NOSL,8/2/2021,Catfish Electro,13,0.083333333
88685,NOSL,8/2/2021,Catfish Electro,24,0.083333333
88686,NOSL,8/2/2021,Catfish Electro,26,0.083333333
88687,NOSL,8/2/2021,Catfish Electro,29,0.083333333
88684,NOSL,8/2/2021,Catfish Electro,32,0.083333333
88689,NOSL,8/2/2021,Catfish Electro,43,0.083333333
88683,NOSL,8/2/2021,Catfish Electro,45,0.083333333
88690,NOSL,8/2/2021,Catfish Electro,48,0.083333333
88834,NOSL,8/12/2021,Catfish Electro,13,0.083333333
88831,NOSL,8/12/2021,Catfish Electro,24,0.083333333
88828,NOSL,8/12/2021,Catfish Electro,26,0.083333333
88833,NOSL,8/12/2021,Catfish Electro,29,0.083333333
88830,NOSL,8/12/2021,Catfish Electro,32,0.083333333
88829,NOSL,8/12/2021,Catfish Electro,43,0.083333333
88832,NOSL,8/12/2021,Catfish Electro,45,0.083333333
88835,NOSL,8/12/2021,Catfish Electro,48,0.083333333
89028,NOSL,8/17/2021,Catfish Electro,13,0.083333333
89024,NOSL,8/17/2021,Catfish Electro,24,0.083333333
89026,NOSL,8/17/2021,Catfish Electro,26,0.083333333
89027,NOSL,8/17/2021,Catfish Electro,29,0.083333333
89023,NOSL,8/17/2021,Catfish Electro,32,0.083333333
89029,NOSL,8/17/2021,Catfish Electro,43,0.083333333
89025,NOSL,8/17/2021,Catfish Electro,45,0.083333333
89022,NOSL,8/17/2021,Catfish Electro,48,0.083333333
87832,SGCA,6/8/2021,Catfish Electro,19,0.083333333
87812,SGCA,6/8/2021,Catfish Electro,21,0.083333333
87827,SGCA,6/8/2021,Catfish Electro,24,0.083333333
87829,SGCA,6/8/2021,Catfish Electro,28,0.083333333
87811,SGCA,6/8/2021,Catfish Electro,38,0.083333333
87813,SGCA,6/8/2021,Catfish Electro,58,0.083333333
87830,SGCA,6/8/2021,Catfish Electro,73,0.083333333
87817,SGCA,6/8/2021,Catfish Electro,81,0.083333333
87825,SGCA,6/8/2021,Catfish Electro,86,0.083333333
87824,SGCA,6/8/2021,Catfish Electro,89,0.083333333
87820,SGCA,6/8/2021,Catfish Electro,94,0.083333333
87815,SGCA,6/8/2021,Catfish Electro,99,0.083333333
87822,SGCA,6/8/2021,Catfish Electro,110,0.083333333
87818,SGCA,6/8/2021,Catfish Electro,119,0.083333333
87821,SGCA,6/8/2021,Catfish Electro,138,0.083333333
87854,SGCA,6/14/2021,Catfish Electro,19,0.083333333
87855,SGCA,6/14/2021,Catfish Electro,21,0.083333333
87865,SGCA,6/14/2021,Catfish Electro,24,0.083333333
87866,SGCA,6/14/2021,Catfish Electro,28,0.083333333
87853,SGCA,6/14/2021,Catfish Electro,38,0.083333333
87856,SGCA,6/14/2021,Catfish Electro,58,0.083333333
87867,SGCA,6/14/2021,Catfish Electro,73,0.083333333
87858,SGCA,6/14/2021,Catfish Electro,81,0.083333333
87864,SGCA,6/14/2021,Catfish Electro,86,0.083333333
87863,SGCA,6/14/2021,Catfish Electro,89,0.083333333
87860,SGCA,6/14/2021,Catfish Electro,94,0.083333333
87857,SGCA,6/14/2021,Catfish Electro,99,0.083333333
87862,SGCA,6/14/2021,Catfish Electro,110,0.083333333
87859,SGCA,6/14/2021,Catfish Electro,119,0.083333333
87861,SGCA,6/14/2021,Catfish Electro,138,0.083333333
88156,SGCA,6/22/2021,Catfish Electro,19,0.083333333
88157,SGCA,6/22/2021,Catfish Electro,21,0.083333333
88167,SGCA,6/22/2021,Catfish Electro,24,0.083333333
88168,SGCA,6/22/2021,Catfish Electro,28,0.083333333
88155,SGCA,6/22/2021,Catfish Electro,38,0.083333333
88158,SGCA,6/22/2021,Catfish Electro,58,0.083333333
88169,SGCA,6/22/2021,Catfish Electro,73,0.083333333
88160,SGCA,6/22/2021,Catfish Electro,81,0.083333333
88166,SGCA,6/22/2021,Catfish Electro,86,0.083333333
88165,SGCA,6/22/2021,Catfish Electro,89,0.083333333
88162,SGCA,6/22/2021,Catfish Electro,94,0.083333333
88159,SGCA,6/22/2021,Catfish Electro,99,0.083333333
88164,SGCA,6/22/2021,Catfish Electro,110,0.083333333
88161,SGCA,6/22/2021,Catfish Electro,119,0.083333333
88163,SGCA,6/22/2021,Catfish Electro,138,0.083333333
88178,SGCA,7/6/2021,Catfish Electro,19,0.083333333
88179,SGCA,7/6/2021,Catfish Electro,21,0.083333333
88189,SGCA,7/6/2021,Catfish Electro,24,0.083333333
88190,SGCA,7/6/2021,Catfish Electro,28,0.083333333
88177,SGCA,7/6/2021,Catfish Electro,38,0.083333333
88180,SGCA,7/6/2021,Catfish Electro,58,0.083333333
88191,SGCA,7/6/2021,Catfish Electro,73,0.083333333
88182,SGCA,7/6/2021,Catfish Electro,81,0.083333333
88188,SGCA,7/6/2021,Catfish Electro,86,0.083333333
88187,SGCA,7/6/2021,Catfish Electro,89,0.083333333
88184,SGCA,7/6/2021,Catfish Electro,94,0.083333333
88181,SGCA,7/6/2021,Catfish Electro,99,0.083333333
88186,SGCA,7/6/2021,Catfish Electro,110,0.083333333
88183,SGCA,7/6/2021,Catfish Electro,119,0.083333333
88185,SGCA,7/6/2021,Catfish Electro,138,0.083333333
88266,SGCA,7/12/2021,Catfish Electro,19,0.083333333
88267,SGCA,7/12/2021,Catfish Electro,21,0.083333333
88277,SGCA,7/12/2021,Catfish Electro,24,0.083333333
88278,SGCA,7/12/2021,Catfish Electro,28,0.083333333
88265,SGCA,7/12/2021,Catfish Electro,38,0.083333333
88268,SGCA,7/12/2021,Catfish Electro,58,0.083333333
88279,SGCA,7/12/2021,Catfish Electro,73,0.083333333
88270,SGCA,7/12/2021,Catfish Electro,81,0.083333333
88276,SGCA,7/12/2021,Catfish Electro,86,0.083333333
88275,SGCA,7/12/2021,Catfish Electro,89,0.083333333
88272,SGCA,7/12/2021,Catfish Electro,94,0.083333333
88269,SGCA,7/12/2021,Catfish Electro,99,0.083333333
88274,SGCA,7/12/2021,Catfish Electro,110,0.083333333
88271,SGCA,7/12/2021,Catfish Electro,119,0.083333333
88273,SGCA,7/12/2021,Catfish Electro,138,0.083333333
88714,SGCA,7/20/2021,Catfish Electro,19,0.083333333
88715,SGCA,7/20/2021,Catfish Electro,21,0.083333333
88725,SGCA,7/20/2021,Catfish Electro,24,0.083333333
88726,SGCA,7/20/2021,Catfish Electro,28,0.083333333
88713,SGCA,7/20/2021,Catfish Electro,38,0.083333333
88716,SGCA,7/20/2021,Catfish Electro,58,0.083333333
88727,SGCA,7/20/2021,Catfish Electro,73,0.083333333
88718,SGCA,7/20/2021,Catfish Electro,81,0.083333333
88724,SGCA,7/20/2021,Catfish Electro,86,0.083333333
88723,SGCA,7/20/2021,Catfish Electro,89,0.083333333
88720,SGCA,7/20/2021,Catfish Electro,94,0.083333333
88717,SGCA,7/20/2021,Catfish Electro,99,0.083333333
88722,SGCA,7/20/2021,Catfish Electro,110,0.083333333
88719,SGCA,7/20/2021,Catfish Electro,119,0.083333333
88721,SGCA,7/20/2021,Catfish Electro,138,0.083333333
88729,SGCA,8/4/2021,Catfish Electro,19,0.083333333
88730,SGCA,8/4/2021,Catfish Electro,21,0.083333333
88740,SGCA,8/4/2021,Catfish Electro,24,0.083333333
88741,SGCA,8/4/2021,Catfish Electro,28,0.083333333
88728,SGCA,8/4/2021,Catfish Electro,38,0.083333333
88731,SGCA,8/4/2021,Catfish Electro,58,0.083333333
88742,SGCA,8/4/2021,Catfish Electro,73,0.083333333
88733,SGCA,8/4/2021,Catfish Electro,81,0.083333333
88739,SGCA,8/4/2021,Catfish Electro,86,0.083333333
88738,SGCA,8/4/2021,Catfish Electro,89,0.083333333
88735,SGCA,8/4/2021,Catfish Electro,94,0.083333333
88732,SGCA,8/4/2021,Catfish Electro,99,0.083333333
88737,SGCA,8/4/2021,Catfish Electro,110,0.083333333
88734,SGCA,8/4/2021,Catfish Electro,119,0.083333333
88736,SGCA,8/4/2021,Catfish Electro,138,0.083333333
88806,SGCA,8/12/2021,Catfish Electro,19,0.083333333
88807,SGCA,8/12/2021,Catfish Electro,21,0.083333333
88817,SGCA,8/12/2021,Catfish Electro,24,0.083333333
88818,SGCA,8/12/2021,Catfish Electro,28,0.083333333
88805,SGCA,8/12/2021,Catfish Electro,38,0.083333333
88808,SGCA,8/12/2021,Catfish Electro,58,0.083333333
88819,SGCA,8/12/2021,Catfish Electro,73,0.083333333
88810,SGCA,8/12/2021,Catfish Electro,81,0.083333333
88816,SGCA,8/12/2021,Catfish Electro,86,0.083333333
88815,SGCA,8/12/2021,Catfish Electro,89,0.083333333
88812,SGCA,8/12/2021,Catfish Electro,94,0.083333333
88809,SGCA,8/12/2021,Catfish Electro,99,0.083333333
88814,SGCA,8/12/2021,Catfish Electro,110,0.083333333
88811,SGCA,8/12/2021,Catfish Electro,119,0.083333333
88813,SGCA,8/12/2021,Catfish Electro,138,0.083333333
89163,SGCA,8/19/2021,Catfish Electro,19,0.083333333
89164,SGCA,8/19/2021,Catfish Electro,21,0.083333333
89174,SGCA,8/19/2021,Catfish Electro,24,0.083333333
89175,SGCA,8/19/2021,Catfish Electro,28,0.083333333
89162,SGCA,8/19/2021,Catfish Electro,38,0.083333333
89165,SGCA,8/19/2021,Catfish Electro,58,0.083333333
89176,SGCA,8/19/2021,Catfish Electro,73,0.083333333
89167,SGCA,8/19/2021,Catfish Electro,81,0.083333333
89173,SGCA,8/19/2021,Catfish Electro,86,0.083333333
89172,SGCA,8/19/2021,Catfish Electro,89,0.083333333
89169,SGCA,8/19/2021,Catfish Electro,94,0.083333333
89166,SGCA,8/19/2021,Catfish Electro,99,0.083333333
89171,SGCA,8/19/2021,Catfish Electro,110,0.083333333
89168,SGCA,8/19/2021,Catfish Electro,119,0.083333333
89170,SGCA,8/19/2021,Catfish Electro,138,0.083333333
87670,WLSL,6/11/2021,Catfish Electro,2,0.083333333
87672,WLSL,6/11/2021,Catfish Electro,9,0.083333333
87662,WLSL,6/11/2021,Catfish Electro,14,0.083333333
87671,WLSL,6/11/2021,Catfish Electro,16,0.083333333
87663,WLSL,6/11/2021,Catfish Electro,20,0.083333333
87669,WLSL,6/11/2021,Catfish Electro,24,0.083333333
87664,WLSL,6/11/2021,Catfish Electro,34,0.083333333
87668,WLSL,6/11/2021,Catfish Electro,43,0.083333333
87666,WLSL,6/11/2021,Catfish Electro,58,0.083333333
87665,WLSL,6/11/2021,Catfish Electro,70,0.083333333
87667,WLSL,6/11/2021,Catfish Electro,76,0.083333333
87884,WLSL,6/17/2021,Catfish Electro,2,0.083333333
87883,WLSL,6/17/2021,Catfish Electro,9,0.083333333
87885,WLSL,6/17/2021,Catfish Electro,14,0.083333333
87882,WLSL,6/17/2021,Catfish Electro,16,0.083333333
87886,WLSL,6/17/2021,Catfish Electro,20,0.083333333
87891,WLSL,6/17/2021,Catfish Electro,24,0.083333333
87887,WLSL,6/17/2021,Catfish Electro,34,0.083333333
87892,WLSL,6/17/2021,Catfish Electro,43,0.083333333
87889,WLSL,6/17/2021,Catfish Electro,58,0.083333333
87888,WLSL,6/17/2021,Catfish Electro,70,0.083333333
87890,WLSL,6/17/2021,Catfish Electro,76,0.083333333
88094,WLSL,7/2/2021,Catfish Electro,2,0.083333333
88093,WLSL,7/2/2021,Catfish Electro,9,0.083333333
88095,WLSL,7/2/2021,Catfish Electro,14,0.083333333
88092,WLSL,7/2/2021,Catfish Electro,16,0.083333333
88096,WLSL,7/2/2021,Catfish Electro,20,0.083333333
88102,WLSL,7/2/2021,Catfish Electro,24,0.083333333
88097,WLSL,7/2/2021,Catfish Electro,34,0.083333333
88101,WLSL,7/2/2021,Catfish Electro,43,0.083333333
88099,WLSL,7/2/2021,Catfish Electro,58,0.083333333
88098,WLSL,7/2/2021,Catfish Electro,70,0.083333333
88100,WLSL,7/2/2021,Catfish Electro,76,0.083333333
88149,WLSL,7/8/2021,Catfish Electro,2,0.083333333
88140,WLSL,7/8/2021,Catfish Electro,9,0.083333333
88141,WLSL,7/8/2021,Catfish Electro,14,0.083333333
88139,WLSL,7/8/2021,Catfish Electro,16,0.083333333
88142,WLSL,7/8/2021,Catfish Electro,20,0.083333333
88148,WLSL,7/8/2021,Catfish Electro,24,0.083333333
88143,WLSL,7/8/2021,Catfish Electro,34,0.083333333
88147,WLSL,7/8/2021,Catfish Electro,43,0.083333333
88144,WLSL,7/8/2021,Catfish Electro,58,0.083333333
88146,WLSL,7/8/2021,Catfish Electro,70,0.083333333
88145,WLSL,7/8/2021,Catfish Electro,76,0.083333333
88454,WLSL,7/19/2021,Catfish Electro,2,0.083333333
88458,WLSL,7/19/2021,Catfish Electro,9,0.083333333
88459,WLSL,7/19/2021,Catfish Electro,14,0.083333333
88453,WLSL,7/19/2021,Catfish Electro,16,0.083333333
88460,WLSL,7/19/2021,Catfish Electro,20,0.083333333
88463,WLSL,7/19/2021,Catfish Electro,24,0.083333333
88461,WLSL,7/19/2021,Catfish Electro,34,0.083333333
88457,WLSL,7/19/2021,Catfish Electro,43,0.083333333
88462,WLSL,7/19/2021,Catfish Electro,58,0.083333333
88455,WLSL,7/19/2021,Catfish Electro,70,0.083333333
88456,WLSL,7/19/2021,Catfish Electro,76,0.083333333
88526,WLSL,7/27/2021,Catfish Electro,2,0.083333333
88525,WLSL,7/27/2021,Catfish Electro,9,0.083333333
88527,WLSL,7/27/2021,Catfish Electro,14,0.083333333
88524,WLSL,7/27/2021,Catfish Electro,16,0.083333333
88528,WLSL,7/27/2021,Catfish Electro,20,0.083333333
88532,WLSL,7/27/2021,Catfish Electro,24,0.083333333
88533,WLSL,7/27/2021,Catfish Electro,34,0.083333333
88531,WLSL,7/27/2021,Catfish Electro,43,0.083333333
88529,WLSL,7/27/2021,Catfish Electro,58,0.083333333
88530,WLSL,7/27/2021,Catfish Electro,70,0.083333333
88534,WLSL,7/27/2021,Catfish Electro,76,0.083333333
88703,WLSL,8/4/2021,Catfish Electro,2,0.083333333
88702,WLSL,8/4/2021,Catfish Electro,9,0.083333333
88704,WLSL,8/4/2021,Catfish Electro,14,0.083333333
88710,WLSL,8/4/2021,Catfish Electro,16,0.083333333
88711,WLSL,8/4/2021,Catfish Electro,20,0.083333333
88712,WLSL,8/4/2021,Catfish Electro,24,0.083333333
88705,WLSL,8/4/2021,Catfish Electro,34,0.083333333
88709,WLSL,8/4/2021,Catfish Electro,43,0.083333333
88707,WLSL,8/4/2021,Catfish Electro,58,0.083333333
88706,WLSL,8/4/2021,Catfish Electro,70,0.083333333
88708,WLSL,8/4/2021,Catfish Electro,76,0.083333333
88867,WLSL,8/13/2021,Catfish Electro,2,0.083333333
88866,WLSL,8/13/2021,Catfish Electro,9,0.083333333
88868,WLSL,8/13/2021,Catfish Electro,14,0.083333333
88875,WLSL,8/13/2021,Catfish Electro,16,0.083333333
88869,WLSL,8/13/2021,Catfish Electro,20,0.083333333
88874,WLSL,8/13/2021,Catfish Electro,24,0.083333333
88870,WLSL,8/13/2021,Catfish Electro,34,0.083333333
88873,WLSL,8/13/2021,Catfish Electro,43,0.083333333
88876,WLSL,8/13/2021,Catfish Electro,58,0.083333333
88871,WLSL,8/13/2021,Catfish Electro,70,0.083333333
88872,WLSL,8/13/2021,Catfish Electro,76,0.083333333
89069,WLSL,8/18/2021,Catfish Electro,2,0.083333333
89068,WLSL,8/18/2021,Catfish Electro,9,0.083333333
89070,WLSL,8/18/2021,Catfish Electro,14,0.083333333
89067,WLSL,8/18/2021,Catfish Electro,16,0.083333333
89075,WLSL,8/18/2021,Catfish Electro,20,0.083333333
89078,WLSL,8/18/2021,Catfish Electro,24,0.083333333
89076,WLSL,8/18/2021,Catfish Electro,34,0.083333333
89074,WLSL,8/18/2021,Catfish Electro,43,0.083333333
89073,WLSL,8/18/2021,Catfish Electro,58,0.083333333
89071,WLSL,8/18/2021,Catfish Electro,70,0.083333333
89077,WLSL,8/18/2021,Catfish Electro,76,0.083333333
